"cod_est","descripcion"
"01012305","BANANAS"
"01012310","PLATANOS DE CANARIAS"
"01012505","MANZANAS ACIDAS"
"01012510","MANZANAS SEMIACIDAS"
"01012515","MANZANAS DULCES OTRAS"
"01012530","MANZANAS DULCES GOLDEN"
"01012705","PERAS DE INVIERNO"
"01012710","PERAS DE VERANO"
"01012715","PERAS CONFERENCIA"
"01012905","KIWIS VERDES"
"01012910","KIWIS AMARILLOS"
"01013105","UVAS CON SEMILLA"
"01013110","UVAS SIN SEMILLA"
"01013305","NARANJAS ZUMO"
"01013310","NARANJAS POSTRE"
"01013315","MANDARINAS POSTRE"
"01013325","LIMONES"
"01013330","POMELOS"
"01013505","FRESAS"
"01013510","ARANDANOS"
"01013515","FRAMBUESAS"
"01013520","OTROS FRUTOS ROJOS"
"01013905","MELOCOTONES ROJOS"
"01013910","MELOCOTONES AMARILLOS"
"01014105","NECTARINA"
"01014305","PARAGUAYOS"
"01014705","CIRUELAS VERDES"
"01014710","CIRUELAS ROJAS"
"01014715","CIRUELAS NEGRAS"
"01014720","CIRUELAS AMARILLAS"
"01014905","MELONES PIEL DE SAPO"
"01014910","OTROS MELONES"
"01015105","SANDIAS RAYADAS"
"01015110","SANDIAS NEGRAS"
"01015115","OTRAS SANDIAS"
"01015305","HIGOS NEGROS"
"01015310","HIGOS VERDES"
"01015705","GRANADAS"
"01015905","KAKI"
"01016105","CASTAÑAS"
"01016505","AGUACATES"
"01016705","PIÑAS"
"01016710","MANGOS"
"01016715","PAPAYAS"
"01016720","LIMAS"
"01016725","PLATANOS PARA COCINAR"
"01016730","OTROS TROPICALES"
"01017105","FRUTAS ECO"
"01026005","CHAMPIÑONES"
"01026010","SETAS"
"01026205","PIMIENTOS VERDES"
"01026210","PIMIENTOS ROJOS"
"01026215","PIMIENTOS ESPECIALIDADES"
"01026220","GUINDILLAS"
"01026405","CALABAZAS"
"01026410","CALABACINES"
"01026415","BERENJENAS"
"01026605","JUDIAS PLANAS"
"01026610","JUDIAS REDONDAS"
"01026805","REPOLLOS"
"01026810","BROCOLIS"
"01026815","COLIFLORES"
"01026820","OTROS REPOLLOS"
"01027005","ALCACHOFAS"
"01027010","ESPARRAGOS"
"01027015","BORRAJAS/CARDOS"
"01027020","OTRAS HORTALIZAS ESTACIONALES"
"01027205","PUERROS"
"01027405","ZANAHORIAS"
"01027605","ACELGAS"
"01027610","ESPINACAS"
"01027805","LECHUGAS"
"01027810","ESCAROLAS"
"01027815","ENDIBIAS"
"01027820","APIOS"
"01027825","CEBOLLETAS"
"01027830","CEBOLLAS DULCES"
"01027835","PEPINOS"
"01027840","OTROS ENSALADA"
"01028005","TOMATES ENSALADA"
"01028010","TOMATES CHERRIES"
"01028015","TOMATES NEGROS"
"01028020","TOMATES COCINAR"
"01028025","TOMATES RAMA"
"01028030","TOMATES PERA"
"01028205","MIX HORTALIZA"
"01028305","HORTALIZAS ECO"
"01085005","ENSALADAS MONOPRODUCTO"
"01085010","ENSALADAS MEZCLA"
"01085020","TOPPINGS ENSALADA"
"01085105","ENSALADAS GOURMET"
"01085110","ENSALADAS FUNCIONALES"
"01085115","ENSALADAS PREMIUM"
"01085120","COMPLEMENTOS DE ENSALADA"
"01085205","ENSALADAS CESAR"
"01085210","RESTO DE ENSALADAS COMPLETAS"
"01085305","PIMIENTOS COCINADOS"
"01085310","PATATAS COCINADAS"
"01085315","OTRAS VERDURAS COCINADAS"
"01085405","PLATOS COMPLETOS"
"01085410","SOPAS Y CREMAS"
"01085420","VERDURA Y HORTALIZA CRUDA"
"01085505","FRUTA LIMPIA Y PARTIDA"
"01085510","COMPOTAS Y SMOTHIES"
"01085515","ZUMOS FRESCOS"
"01085605","UNTABLES Y DIPPINGS"
"01085610","SALSAS"
"01085615","HIERBAS AROMATICAS"
"01085620","HIERBAS AROMATICAS PLANTA"
"01085625","HIERBAS AROMATICAS PLANTA BIO"
"01085630","DESHIDRATADOS"
"01200505","AJOS BLANCOS"
"01200510","AJOS MORADOS"
"01201005","CEBOLLAS AMARILLAS"
"01201010","CEBOLLAS MORADAS"
"01201015","OTRAS CEBOLLAS"
"01201505","PATATAS TODO USO"
"01201510","PATATAS FREIR"
"01201515","PATATAS GUISAR"
"01201520","PATATAS ESPECIALIDADES"
"01201525","OTROS TUBERCULOS"
"01202005","COMPLEMENTOS BASICOS ECO"
"01250505","ALUBIAS"
"01250510","GARBANZOS"
"01250515","LENTEJAS"
"01250520","OTRAS LEGUMBRES"
"01251005","CACAHUETES"
"01251010","NUECES"
"01251015","PISTACHOS"
"01251020","ALMENDRAS"
"01251025","OTROS FRUTOS SECOS"
"01251030","MEZCLAS FRUTOS SECOS"
"01251505","CIRUELAS"
"01251510","PASAS"
"01251515","HIGOS"
"01251520","DATILES"
"01251525","OTROS DESHIDRATADOS"
"01251530","ARANDANOS DESHIDRATADOS"
"01252505","ESPECIAS GRANEL"
"02610101","TERNERA FILETE ENVASADO"
"02610102","TERNERA LOMO ENVASADO"
"02610103","TERNERA GUISAR ENVASADO"
"02610301","AÑOJO FILETE ENVASADO"
"02610302","AÑOJO LOMO ENVASADO"
"02610303","AÑOJO GUISAR ENVASADO"
"02610501","MAYOR FILETE ENVASADO"
"02610502","MAYOR LOMO ENVASADO"
"02610503","MAYOR GUISAR ENVASADO"
"02610601","VACUNO DESPOJOS ENVASADO"
"02620101","LOMO BLANCO ENVASADO"
"02620102","CHULETA  BLANCO ENVASADO"
"02620103","SOLOMILLO BLANCO ENVASADO"
"02620104","COSTILLA BLANCO ENVASADO"
"02620105","JAMO/ESCA/ROTI BLANCO ENVASADO"
"02620106","ESTOFADO BLANCO ENVASADO"
"02620107","BEICON/PANCETA BLANCO ENVASADO"
"02620109","SECRETO/PRESA BLANCO ENVASADO"
"02620111","DESPOJO BLANCO ENVASADO"
"02620115","LOMO ADOBADO ENVASADO"
"02620120","COSTILLA ADOBADA OTRO ENVASADO"
"02620301","LOMO IBERICO ENVASADO"
"02620303","OTROS IBERICO ENVASADO"
"02620401","PORCINO COCHINILLO ENVASADO"
"02630101","CORD RECENT 1/4-1/2 ENVASADO"
"02630102","CORD RECENT CHULET ENVASADO"
"02630103","CORD RECENT ESPECIALD ENVASADO"
"02630104","CORD RECENT REST DESP ENVASADO"
"02630301","CORDERO LECH 1/4-1/2 ENVASADO"
"02630302","CORDERO LECHAL DESP ENVASADO"
"02630501","CORDERO DESPOJO ENVASADO"
"02650101","PICADA DE VACUNO ENVASADO"
"02650102","PICADA DE CERDO ENVASADO"
"02650103","PICADA DE AVE ENVASADO"
"02650104","PICADA MIXTA ENVASADO"
"02650203","BROCHETAS-PINCHITOS ENVASADO"
"02650204","MIXTOS Y OTROS ENVASADO"
"02650301","SALCHICHA DE CERDO ENVASADO"
"02650302","SALCHICHA DE AVE ENVASADO"
"02650305","SALCHICHA OTROS ENVASADO"
"02650401","MORCILLA DE BURGOS ENVASADO"
"02650402","OTRAS MORCILLAS ENVASADO"
"02650501","CHORIZO FRESCO ENVASADO"
"02650502","CHISTORRA ENVASADO"
"02650601","CROQUETAS ENVASADO"
"02650602","EMPANADOS Y REBOZADOS ENVASADO"
"02650603","OTROS FRITOS ENVASADO"
"02650701","CALLOS ENVASADO"
"02650702","OTROS CASQUERIA ELABORADA ENV"
"02650801","SALADOS ENVASADO"
"02650805","PREPARADOS DE COCIDO-CALDO ENV"
"02651001","RELLENOS Y ROTIS ENVASADO"
"02651101","VARIOS ENVASADO"
"02651401","HAMBURGUESA DE VACUNO ENVASADO"
"02651403","HAMBURGUESA DE CERDO ENVASADO"
"02651405","HAMBURGUESA DE AVE ENVASADO"
"02651407","HAMBURGUESA MIXTA ENVASADO"
"02652005","FIAMBRES DE CERDO ENVASADO"
"02652010","FIAMBRES DE AVE ENVASADO"
"02652201","ELABORADOS PROTEINA VEGETAL"
"02660101","CONEJO ENVASADO ENTERO"
"02660201","CONEJO ENVASADO TROCEADO"
"02660301","CONEJO ENVASADO DESPIECE"
"02690505","POLLO STD POLLO ENTERO"
"02690510","POLLO STD PECHUGA ENTERA POLLO"
"02690515","POLLO STD PECHUGA FILETE POLLO"
"02690520","POLLO STD ASAR ALAS POLLO"
"02690525","POLLO STD ASAR TRASEROS POLLO"
"02690530","POLLO STD TROCEADOS DE POLLO"
"02691005","POLLO CL POLLO ENTERO"
"02691010","POLLO CL PECHUGA ENTERA POLLO"
"02691015","POLLO CL PECHUGA FILETE POLLO"
"02691020","POLLO CL ASAR ALAS POLLO"
"02691025","POLLO CL ASAR TRASEROS POLLO"
"02691030","POLLO CL TROCEADOS DE POLLO"
"02691505","POLLO CARCASAS Y GALLINA CALDO"
"02691510","POLLO SUBPRODUCTOS"
"02692005","POLLO MARINADO PLANCHA-OTROS"
"02720505","PAVO FRESCO"
"02720510","PAVO FRESCO ALAS / JAMONCITOS"
"02720515","PAVO FRESCO ESTOFADO Y OTROS"
"02720520","PAVO MARINADO"
"02721005","PATO MAGRET"
"02721010","PATO HIGADO"
"02721015","PATO CONFIT MUSLO Y OTROS"
"02721505","CODORNICES Y PERDICES"
"02721510","PICANTONES Y COQUELET"
"02721515","AVES ESPECIALES"
"02750305","VACUNO TERNERA FILETE VITRINA"
"02750310","VACUNO TERNERA LOMO VITRINA"
"02750315","VACUNO TERNERA GUISAR VITRINA"
"02750605","VACUNO AÑOJO FILETE VITRINA"
"02750610","VACUNO AÑOJO LOMO VITRINA"
"02750615","VACUNO AÑOJO GUISAR VITRINA"
"02750905","VACUNO MAYOR FILETE VITRINA"
"02750910","VACUNO MAYOR LOMO VITRINA"
"02750915","VACUNO MAYOR GUISAR VITRINA"
"02751205","LOMO BLANCO VITRINA"
"02751210","LOMO ADOBADO VITRINA"
"02751215","CHULETA BLANCO VITRINA"
"02751220","SOLOMILLO BLANCO VITRINA"
"02751225","COSTILLA BLANCO VITRINA"
"02751230","JAMO/ESCA/ROTI BLANCO VITRINA"
"02751235","ESTOFADO BLANCO VITRINA"
"02751240","BACON/PANCETA BLANCO VITRINA"
"02751245","SECRETO/PRESA BLANCO VITRINA"
"02751250","DESPOJO BLANCO VITRINA"
"02751505","LOMO IBERICO VITRINA"
"02751510","OTROS IBERICO VITRINA"
"02751805","COCHINILLO 1/2 y 1/4 VITRINA"
"02752105","PORCINO REFS COMPRA VITRINA"
"02752405","CUARTOS Y MED RECENTAL VITRINA"
"02752410","CHULETILLAS RECENTAL VITRINA"
"02752415","DESPIECE RECENTAL VITRINA"
"02752705","CUARTOS Y MEDIOS LECHAL VITR"
"02752710","CHULETILLAS LECHAL VITRINA"
"02752715","DESPIECE LECHAL VITRINA"
"02753605","BARBACOA VITRINA"
"02753905","CHORIZOS VITRINA"
"02754205","FRITOS Y EMPANADOS VITRINA"
"02754210","CROQUETAS VITRINA"
"02754505","HAMBURGUESAS VITRINA"
"02754805","MORCILLAS VITRINA"
"02755105","PICADAS VITRINA"
"02755405","SALCHICHAS VITRINA"
"02755705","OTROS ELABORADOS VITRINA"
"02756305","CONEJO  VITRINA"
"02756605","POLLO ENTERO VITRINA"
"02756610","POLLO PECHUGA VITRINA"
"02756615","POLLO ALAS VITRINA"
"02756620","POLLO TRASEROS Y OTROS VITRINA"
"02756905","DESPIECE PAVO FRES Y MARIN VIT"
"02756910","OTRAS AVES ENTERAS VITRINA"
"02757205","REF COMPRA VACUNO VITRINA"
"03030101","HELADO FAMILIAR BLOQUE"
"03030102","HELADO FAMILIAR TARRINA ESTAND"
"03030103","HELADO FAMILIAR TARRIN PREMIUM"
"03030104","HELADO FAMILIAR SORBETE"
"03030130","HELADO FAMILIAR TARTA LAMINADA"
"03030135","HELADO FAMILIAR TARTA RESTO"
"03030140","HELADO FAMILIAR TARTA WHISKY"
"03030403","HELADO SALUDABLE VARIOS"
"03033005","H. INDIVIDUAL TARRINA MEDIANA"
"03033010","HELADO INDIVIDUAL INFANTIL"
"03033015","HELADO INDIVIDUAL CONO GRANDE"
"03033020","H. INDIVIDUAL CONO MINI/MEDIAN"
"03033025","HELADO INDIVIDUAL SANDWICH"
"03033030","HELADO INDIVIDUAL BOMBON MINI"
"03033035","HELADO INDIVIDUAL BOMBON GRAND"
"03033040","HELADO INDIVIDUAL VARIOS"
"03033045","HELADO INDIVIDUAL IMPULSO"
"03050109","SALTEADOS VARIOS"
"03050202","CARNE-SAN JACOBO"
"03050207","CARNE-NUGGETS"
"03050298","CARNE-OTROS"
"03050302","FRITOS-EMPANADILLAS"
"03050307","CROQUETAS BACALAO"
"03050308","CROQUETAS JAMON"
"03050309","CROQUETAS OTROS"
"03050310","CROQUETAS POLLO"
"03050398","FRITOS-OTROS"
"03050515","MASAS"
"03050601","PASTA-CANELON"
"03050602","PASTA-LASAÑA"
"03050603","PASTA-OTROS"
"03050701","BASE PIZZA"
"03050704","PIZZA ARTESANA RESTO"
"03050707","PIZZA BAGUETTE"
"03050708","PIZZA FINA"
"03050709","PIZZA MICRO"
"03050710","PIZZA SNACK"
"03050715","PIZZA SIN GLUTEN"
"03050720","PIZZA ARTESANA JAMON/QUESO"
"03050725","PIZZA ARTESANA BOLOÑESA"
"03050730","PIZZA ARTESANA BARBACOA"
"03050735","PIZZA ARTESANA ATUN"
"03050740","PIZZA ARTESANA 4 QUESOS"
"03050745","PIZZA ARTESANA JAMON"
"03050801","COMIDA INTERNACIONAL"
"03050814","PLATOS PREPARADOS VARIAS BASES"
"03051001","CHURROS Y PORRAS"
"03070101","GUISANTE"
"03070102","ALCACHOFA"
"03070103","JUDIA PLANA"
"03070104","JUDIA REDONDA"
"03070105","ESPINACA"
"03070106","HABAS"
"03070107","MENESTRA"
"03070108","ENSALADILLA"
"03070109","OTRAS VERDURAS"
"03070110","CONDIMENTOS"
"03070206","VERDURA PREPARADA"
"03070301","PATATA STANDARD"
"03070302","PATATA ESPECIALIDADES"
"03090105","MERLUZA FILETE"
"03090108","MERLUZA OTROS CORTES"
"03090111","BACALAO"
"03090113","PANGA"
"03090116","SALMON"
"03090198","P.NATURAL OTROS"
"03090201","PREPARADO CEFALOPODO"
"03090203","PREPARADO MERLUZA"
"03090206","PREPARADO OTROS"
"03090301","LANGOSTINO CRUDO"
"03090302","LANGOSTINO COCIDO"
"03090307","PREPARADOS PAELLA"
"03090315","GAMBON"
"03090320","MARISCOS PELADOS"
"03090325","BIVALVOS"
"03090330","MARISCOS OTROS"
"03090401","SUCEDANEO CANGREJO"
"03090403","SUCEDANEO ANGULA"
"03090410","SUCEDANEO ANGULA SABORES"
"03090498","SURIMI-OTROS"
"03091005","CALAMAR NO PORCIONADO"
"03091010","CALAMAR PORCIONADO"
"03091015","SEPIA"
"03091020","CEFALOPODOS OTROS"
"03200105","VERDURA NATURAL"
"03200305","CEFALÓPODO OTROS"
"03200306","CEFALOPODO PULPO"
"03200307","MERLUZA"
"03200310","PESCADO NATURAL OTROS"
"03200407","LANGOSTINOS"
"03200410","GAMBON"
"03200415","MARISCOS PELADOS"
"03200605","CEFALOPODOS EMPANADOS"
"03200610","BASE MARISCO"
"03200615","PREPARADOS CARNICOS"
"03200620","CROQUETAS"
"04011601","QUESO TIERNO OTROS"
"04011602","QUESO TIERNO VACA"
"04011701","QUESO SEMI MEZCLA"
"04011702","QUESO SEMI VACA"
"04011703","QUESO SEMI CABRA"
"04011801","QUESO CURADO MEZCLA"
"04011802","QUESO CURADO VACA Y CABRA"
"04011804","QUESO CURADO OVEJA"
"04011901","QUESO VIEJO MEZCLA"
"04011903","QUESO VIEJO CABRA"
"04011904","QUESO VIEJO OVEJA"
"04012002","QUESO LONCHAS NACIONAL"
"04012005","QUESO LONCHAS INTERNACIONAL"
"04012101","QUESO BOLA EDAM"
"04012102","QUESO GOUDA"
"04012103","QUESO MAASDAM"
"04012104","QUESO EMMENTAL"
"04012105","PASTA BLANDA"
"04012106","RULOS CABRA Y ROULES"
"04012107","OTROS INTERNACIONALES"
"04012202","QUESOS AZULES INTERNACIONALES"
"04012204","QUESOS AZULES NACIONALES"
"04012301","QUESOS FRESCOS MEZCLA"
"04012302","QUESOS FRESCOS VACA"
"04012307","OTROS QUESOS FRESCOS"
"04012401","CARNES DE MEMBRILLOS"
"04012402","COMPLEMENTOS QUESO"
"04012403","DULCES Y CREMAS DE MEMBRILLO"
"04012501","QUESOS SALUD OTROS"
"04012502","QUESOS SALUD BAJOS EN SAL"
"04020101","JAMON COCIDO  MOSTRADOR"
"04020105","PALETA COCIDA  MOSTRADOR"
"04020115","BACON  MOSTRADOR"
"04020117","BUTIFARRA  MOSTRADOR"
"04020119","CABEZA DE CERDO  MOSTRADOR"
"04020121","OTROS COCIDOS CERDO  MOSTRADOR"
"04020123","FIAMBRE DE CERDO MOSTRADOR"
"04020130","LACON COCIDO MOSTRADOR"
"04020201","PECHUGA DE POLLO MOSTRADOR"
"04020211","OTROS COCIDOS DE AVE  MOSTRADOR"
"04020213","JAMON DE PAVO MOSTRADOR"
"04020225","MORTADELA DE PAVO MOSTRADOR"
"04020230","PECHUGA DE PAVO MOSTRADOR"
"04020301","CENTRO JAMON CURADO  MOSTRADOR"
"04020303","CENTRO PALETA CURADA  MOSTRADOR"
"04020306","LOMO CURADOS  MOSTRADOR"
"04020308","PANCETA  MOSTRADOR"
"04020312","OTROS CARNICOS CURADO  MOSTRADOR"
"04020314","JAMON CURADO CORTE CUCHILLO MOSTRADOR"
"04020340","CABECERO DE LOMO"
"04020401","CHORIZO VELA  MOSTRADOR"
"04020403","CHORIZO CULAR  MOSTRADOR"
"04020405","CHORIZO PAMPLONA  MOSTRADOR"
"04020407","SALCHICHON VELA MOSTRADOR"
"04020409","SALCHICHON CULAR  MOSTRADOR"
"04020411","SALAMI  MOSTRADOR"
"04020413","EMBUTIDO DE AVE MOSTRADOR"
"04020419","SOBRASADA  MOSTRADOR"
"04020421","MORCILLA  MOSTRADOR"
"04020424","OTROS EMBUTIDOS  MOSTRADOR"
"04020501","CENTRO JAMON IBERICO CEBO MOST"
"04020503","CENTRO PALETA IBERICA CEBO MOS"
"04020505","LOMO IBERICO  MOSTRADOR"
"04020507","CHORIZO IBERICO  MOSTRADOR"
"04020509","SALCHICHON IBERICO MOSTRADOR"
"04020515","OTROS IBERICOS  MOSTRADOR"
"04020517","JAMON IBÉRICO CORTE CUCHILLO MOSTRADOR"
"04020525","CENTRO JAMON IBERICO BELLOTA"
"04020530","CENTRO PALETA IBERICA BELLOTA"
"04031601","QUESO TIERNO MEZCLA PORCIÓN"
"04031602","QUESO TIERNO VACA PORCIÓN"
"04031604","QUESO TIERNO OTROS PORCION"
"04031701","QUESO SEMI MEZCLA PORCIÓN"
"04031702","QUESO SEMI VACA PORCIÓN"
"04031703","QUESO SEMI CABRA PORCIÓN"
"04031704","QUESO SEMI OVEJA PORCIÓN"
"04031801","QUESO CURADO MEZCLA PORCIÓN"
"04031802","QUESO CURADO VACA PORCIÓN"
"04031803","QUESO CURADO CABRA PORCIÓN"
"04031804","QUESO CURADO OVEJA PORCIÓN"
"04031901","QUESO VIEJO MEZCLA PORCIÓN"
"04031904","QUESO VIEJO OVEJA PORCIÓN"
"04032060","LONCHAS PORCION NACIONAL"
"04032065","LONCHAS PORCION INTERNACIONAL"
"04032101","QUESO BOLA EDAM PORCIÓN"
"04032102","QUESO GOUDA PORCIÓN"
"04032103","QUESO MAASDAM PORCIÓN"
"04032104","QUESO EMMENTAL PORCIÓN"
"04032105","PASTA BLANDA PORCIÓN"
"04032107","OTROS INTERNACIONALES PORCIÓN"
"04032110","QUESO ITALIANO PORCION"
"04032201","QUESO AZULES Y VETEADOS PORCIÓN"
"04032601","TABLAS DE QUESO"
"04032602","CORTADOS PORCION"
"04032605","OTROS PORCION"
"04033005","QUESOS RULO PORCION"
"04033010","QUESOS MEDALLONES PORCION"
"04060302","JAMON CURADO PORCION"
"04060304","PALETA CURADA POCION"
"04060307","LOMO CURADO PORCION"
"04060309","PANCETA PORCION"
"04060313","OTROS CURADOS PORCION"
"04060326","COCINA CURADOS"
"04060330","SURTIDOS Y TABLAS VARIADAS"
"04060335","JAMON CURADO RESERVA PORCION"
"04060402","CHORIZO VELA PORCION"
"04060404","CHORIZO CULAR PORCION"
"04060406","CHORIZO PAMPLONA PORCION"
"04060408","SALCHICHON VELA PORCION"
"04060410","SALCHICHON CULAR PORCION"
"04060412","SALAMI PORCION"
"04060414","EMBUTIDOS AVE PORCION"
"04060424","OTROS EMBUTIDOS PORCION"
"04060430","SURTIDOS Y TABLAS EMBUTIDOS"
"04060435","LONGANIZA Y FUET PORCION"
"04060502","JAMON IBERICO PORCION"
"04060504","PALETA IBERICA PORCION"
"04060506","LOMO IBERICO PORCION"
"04060508","CHORIZO IBERICO PORCION"
"04060510","SALCHICHON IBERICO PORCION"
"04060520","SURTIDOS Y TABLAS IBERICOS"
"04080104","LOMO CURADO PIEZA"
"04080106","TACOS PANCETA"
"04080107","CODILLOS"
"04080108","OTROS CARNICOS CURADOS PIEZAS."
"04080110","TACO JAMON CURADO"
"04080111","TACO PALETA CURADA"
"04080201","CHORIZO VELA PIEZA"
"04080202","CHORIZO CULAR PIEZA"
"04080205","CHORIZO CASERO PIEZA"
"04080206","CHORIZO SARTA"
"04080207","CHORIZO FRESCO RISTRA, ROSARIO"
"04080208","CHISTORRA"
"04080209","SOBRASADA PIEZA"
"04080212","SALCHICHON CASERO PIEZA"
"04080213","LONGANIZA PIEZA"
"04080214","FUET"
"04080218","MORCILLA PIEZA"
"04080219","PREPARADOS PARA PUCHERO"
"04080220","OTROS EMBUTIDOS PIEZAS"
"04080225","FUET MINIS"
"04080230","CHORIZO SARTA EXTRA"
"04080303","LOMO IBERICO PIEZA"
"04080304","CHORIZO IBERICO PIEZA"
"04080305","SALCHICHON IBERICO PIEZA"
"04080308","OTROS IBERICOS PIEZA"
"04081005","LOTE EMBUTIDO"
"04090101","PATES CERDO MOST DIARIO/OCASIO"
"04090201","PATES PATO/OCA MOST DIARI/OCAS"
"04090205","PATES PATO/OCA MOST CELEBRACIO"
"04090301","OTROS PATES MOST DIARIO/OCASIO"
"04110101","PATES CERDO PORCION DIARI/OCAS"
"04110201","PATES PATO/OCA PORC DIARI/OCAS"
"04110210","PATES PATO/OCA PORCI CELEB BLO"
"04110215","PATES PATO/OCA PORCI CELEB ENT"
"04110302","CREMAS Y SOBRASADAS"
"04110305","JAMON DE PATO"
"04110705","TABLAS PATES PATO/OCA"
"04110710","TABLAS PATES CERDO"
"04130101","SALCHICHAS FRANKFURT"
"04130201","SALCHICHAS VIENA"
"04130301","SALCHICHAS QUESO"
"04130401","SALCHICHAS GRUESAS"
"04130503","SALCHICHAS AVE "
"04130601","SALCHICHAS INFANTILES"
"04130602","SALCHICHAS ADULTOS"
"04130701","APERITIVOS"
"04200505","JAMON DE CERDO"
"04200510","JAMON DE CERDO BRASEADO"
"04200515","YORK Y PALETA"
"04200520","FIAMBRE DE CERDO"
"04200525","LACON DE CERDO"
"04200530","CABEZA DE CERDO"
"04200535","OTROS COCIDOS CERDO"
"04201005","PECHUGA DE PAVO"
"04201010","PECHUGA DE PAVO BRASEADO"
"04201015","PECHUGA DE POLLO"
"04201020","FIAMBRE DE AVE"
"04201025","OTROS COCIDOS AVE"
"04201505","BACON LONCHAS"
"04201510","TAQUITOS BACON"
"04201515","TAQUITOS COCIDOS"
"04201520","PLANCHA"
"04202505","MINI CERDO"
"04202510","MINI AVE"
"04252505","QUESOS FRESCOS Y CREMAS INTERN"
"04253505","QUESOS INT PASTA DURA/SEMID RC"
"04300505","JAMON BODEGA PIEZA"
"04300510","JAMON G. RESERVA PIEZA"
"04300515","JAMON RESERVA PIEZA"
"04300520","PALETA BLANCA PIEZA"
"04301005","PALETA IBERICA"
"04301010","JAMON IBERICO"
"04351535","SALCHICHON IBERICO MOSTRADOR"
"04352015","LOMO IBERICO PORCION"
"04352030","SURTIDOS Y TABLAS PORCION"
"04352515","SALCHICHON IBERICO PIEZA"
"05030101","LECHE UHT ENTERA"
"05030102","LECHE UHT SEMIDESNATADA"
"05030103","LECHE UHT DESNATADA"
"05030301","LECHE BOTELLA ENTERA"
"05030302","LECHE BOTELLA SEMIDESNATADA"
"05030303","LECHE BOTELLA DESNATADA"
"05030401","LECHE ESPECIAL CALCIO"
"05030402","LECHE ESPECIAL VITAMINADA"
"05030403","LECHE ESPECIAL PREP.LACTEO"
"05030404","LECHE ESPECIAL CRECIMIENTO"
"05030406","LECHE SIN LACTOSA ENTERA"
"05030410","LECHE SIN LACTOSA SEMIDESNTADA"
"05030415","LECHE SIN LACTOSA DESNATADA"
"05030420","LECHE SIN LACTOSA VARIAS"
"05030498","LECHE ESPECIAL VARIOS"
"05030601","BEBIDA DE SOJA"
"05030603","BEBIDA DE AVENA"
"05030610","BEBIDA DE ARROZ"
"05030615","BEBIDA DE ALMENDRA"
"05030620","OTRAS BEBIDAS VEGETALES"
"05040180","ENTERO NATURAL"
"05040181","ENTERO DE SABORES"
"05040182","ENTERO CON TROZOS"
"05040183","DESNATADO NATURAL"
"05040184","DESNATADO DE SABORES"
"05040185","DESNATADO CON TROZOS"
"05040186","BASE NO LACTEA"
"05040187","SIN LACTOSA"
"05040188","LIQUIDOS"
"05040189","PROTEICOS"
"05040280","TIPO GRIEGO NATURAL"
"05040281","TIPO GRIEGO CON TROZOS"
"05040282","TIPO GRIEGO ESPECIALIDADES"
"05040283","CRISTAL "
"05040284","KEFIR"
"05040285","BIO"
"05040295","OTROS"
"05040480","PETIT"
"05040481","INFANTILES LIQUIDO"
"05040482","INFANTILES BOLSILLO"
"05040495","OTROS"
"05040580","CUAJADA"
"05040581","NATILLAS"
"05040582","FLANES"
"05040583","ARROZ CON LECHE"
"05040584","GELATINAS"
"05040595","OTROS"
"05040680","CAFES Y OTROS BEBIBLES"
"05040681","MOUSSES"
"05040682","COPAS CON NATA"
"05040695","OTROS"
"05041180","COLESTEROL"
"05041181","PROBIOTICO NATURAL"
"05041182","PROBIOTICO DE SABORES"
"05041183","BIFIDUS ENTERO NATURAL"
"05041184","BIFIDUS ENTERO DE SABORES"
"05041185","BIFIDUS ENTERO CON TROZOS"
"05041186","BIFIDUS DESNATADO NATURAL"
"05041187","BIFIDUS DESNATADO DE SABORES"
"05041188","BIFIDUS DESNATADO CON TROZOS"
"05041195","OTROS"
"05100102","QUESO FRESCO BATIDO Y QUARK"
"05100104","Q. FRESCO FETA Y ENSALADAS"
"05100105","QUESO FRESCO MOZZARELLA"
"05100109","REQUESON Y OTROS"
"05100110","MASCARPONES Y TARTAS"
"05100114","Q. FRESCO BURGOS TRADICIONAL"
"05100115","QUESO FRESCO BURGOS SALUD"
"05100120","QUESO FRESCO BURGOS UF"
"05100198","QUESO FRESCO UF OTROS"
"05100301","QUESOS INFANTILES BOLA"
"05100302","QUESOS INFANTILES OTROS"
"05100310","QUESO INFANTIL PACK MERIENDA"
"05100401","QUESO FUNDIDO PORCIONES ENTERA"
"05100402","QUESO FUNDIDO PORCION SALUD"
"05100501","QUESO FUNDIDO LONCHAS ENTERA"
"05100502","QUESO FUNDIDO LONCHAS SALUD"
"05100601","QUESO UNTAR NATURAL"
"05100602","QUESO UNTAR SABORES"
"05100604","QUESO UNTAR PREMIUM"
"05100610","QUESO UNTAR SALUD"
"05100615","QUESO UNTAR FUNDIDOS"
"05100801","QUESO RALLADO EMMENTAL"
"05100802","QUESO RALLADO MOZZARELLA"
"05100803","QUESO RALLADO MEZCLAS"
"05100804","QUESO RALLADO POLVO"
"05100810","QUESO RALLADO SALUD"
"05100890","SOLUCIONES  VEGANAS "
"05100898","QUESO RALLADO OTROS"
"05100901","MEMBRILLOS BASICOS Y DULCES"
"05100905","MEMBRILLOS PREMIUM"
"05100910","MEMBRILLOS SALUD"
"05120101","NATA FRESCA"
"05120104","BECHAMEL Y OTRAS SALSAS"
"05120107","NATA COCINAR 200 Y MULTIPACK"
"05120109","NATA COCINAR MÁS DE  200 ML"
"05120116","NATAS UHT SALUD"
"05120198","NATA COCINAR ESPECIALIDADES"
"05120201","NATA MONTAR 200 Y MULTIPACK"
"05120210","NATA MONTAR MAS DE 200 ML"
"05120218","NATA SPRAY"
"05120220","NATA SPRAY SALUD"
"05120298","MONODOSIS NATA CAFE"
"05140101","MANTEQUILLA PASTILLA"
"05140102","MANTEQUILLA PASTILLA C/SAL"
"05140103","MANTEQUILLA TARRINA"
"05140105","MANTEQ TARRINA F.UNTAR Y SALUD"
"05140106","MANTEQUILLA LATA"
"05140107","MANTEQUILLA PORCIONES"
"05140108","MANTEQUILLA RULO Y REPOSTERIA"
"05140198","MANTEQUILLA OTROS TIPOS"
"05140201","MARGARINA FAMILIAR"
"05140202","MARGARINA MAIZ"
"05140204","MARGARINA SALUD CARDIO"
"05140210","MARGARINA SALUD COLESTEROL"
"05140215","MARGARINA SALUD  LIGERA"
"05160101","BATIDO CACAO INDIVIDUAL"
"05160102","BATIDO CACAO FAMILIAR"
"05160103","BATIDO VAINILLA INDIVIDUAL"
"05160104","BATIDO VAINILLA FAMILIAR"
"05160105","BATIDO FRESA INDIVIDUAL"
"05160106","BATIDO FRESA FAMILIAR"
"05160108","OTROS BATIDOS"
"05160205","HORCHATAS"
"05160301","LACTOZUMOS TROPICAL INDIVIDUAL"
"05160302","LACTOZUMOS TROPICAL FAMILIAR"
"05160310","LACTOZUMOS MEDITERRANEO INDIV"
"05160315","LACTOZUMOS MEDITERRANEO FAM"
"05160320","LACTOZUMOS VARIOS INDIVIDUAL"
"05160325","LACTOZUMOS VARIOS FAMILIAR"
"05160405","CHOCOLATE LIQUIDO"
"05161005","YOGURES TERMIZADOS BASICOS"
"05161010","YOGURES TERMIZADOS DESNATADOS"
"05161015","POSTRES TERMIZADOS"
"05180101","ZUMOS REFRIGERADOS NARANJA"
"05180102","ZUMOS REFRIGERADOS PIÑA"
"05180105","ZUMOS REFRIGERADOS MANZANA"
"05180110","ZUMOS REFRIGERADOS BERRIES"
"05180115","ZUMOS REFRIGERADOS SAB. VARIOS"
"05180120","ZUMOS REFRIGERADOS FRUIT-VEG"
"05180125","ZUMOS REFRIGERADOS HPP"
"05180130","ZUMOS REFRIGERADOS AGUA COCO"
"05180301","REFRESCO REFRIG.NARANJA INDIVI"
"05180302","REFRESCO REFRIG.NARANJA FAMILI"
"05180401","REFRESCO REFRIG.SABORES INDIVI"
"05180402","REFRESCO REFRIG.SABORES FAMILI"
"05200101","HUEVOS FRESCOS JAULA TALLA M"
"05200102","HUEVOS FRESCOS JAULA TALLA L"
"05200103","HUEVOS FRESCOS JAULA TALLA XL"
"05200301","HUEVOS FRESCOS SUELO TALLA M"
"05200302","HUEVOS FRESCOS SUELO TALLA L"
"05200303","HUEVOS FRESCOS SUELO TALLA XL"
"05200401","HUEVOS FRESCOS CAMPEROS"
"05200501","HUEVOS FRESCOS ECOLOGICOS"
"05200601","HUEVOS FRESCOS CODORNIZ"
"05200701","OVOPRODUCTOS-CLARA HUEVO"
"05250505","LECHE FRESCA ENTERA"
"05251005","LECHE FRESCA SEMIDESNATADA"
"05251505","LECHE FRESCA DESNATADA"
"06100101","PAN BLANCO"
"06100102","PAN SALUD INTEGRAL"
"06100105","PAN TRADICIONAL"
"06100107","PAN OTROS CEREALES Y SEMILLAS"
"06100108","PAN GRANEL"
"06100109","PAN MOSTRADOR"
"06100115","PAN SALUD OTROS"
"06100204","MOLDE FRESCO"
"06100205","BURGERS"
"06100206","OTROS"
"06100302","BOCADILLOS"
"06100308","OTRAS SOLUCIONES"
"06100310","PAN CONGELADO PARA HORNEAR"
"06100401","SIN GLUTEN"
"06120101","CROISSANT"
"06120103","NAPOLITANAS Y OTROS RELLENOS"
"06120105","MASAS FRITAS"
"06120107","HOJALDRES"
"06120111","MASAS BATIDAS"
"06120119","EMPANADAS Y BOLLERIA SALADA"
"06120120","BRIOCHES Y BOLLOS"
"06120121","GRANEL BOLLERIA"
"06120130","GALLETAS Y COOKIES"
"06120401","PASTAS DE TÉ"
"06120402","VOLOVANES Y TARTALETAS"
"06120404","MAGDALENAS FAB.EXTERNA"
"06120405","ROSQUILLAS"
"06120406","HOJALDRES FABRICACIÓN EXTERNA"
"06120407","SALUD FABRICACIÓN EXTERNA"
"06120408","BRIOCHES Y BOLLOS FAB.EXTERNA"
"06120409","CAMPAÑAS BOLLERIA"
"06120410","OTROS BOLLERIA FAB.EXTERNA"
"06120415","BIZCOCHOS FAB.EXTERNA"
"06140101","TARTAS PEQUEÑAS Y MINIS"
"06140102","TARTAS MEDIANAS"
"06140103","TARTAS GRANDES"
"06140110","TARTAS INFANTILES"
"06140201","BRAZOS VARIADOS"
"06140301","POSTRES, PORCIONES Y PASTELES"
"06140303","BOLLERIA RELLENA"
"06140402","CAMPAÑAS NACIONALES"
"06140501","TRENZAS"
"06140701","SALUD/INTOLERANCIAS."
"06141005","BANDAS Y HOJALDRES MINI"
"06141010","BANDAS Y HOJALDRES VARIADOS"
"06141505","DECORACION PASTELERIA"
"06190302","COMPR.  PAN TRADICIONAL"
"06190409","COMPR. GALLETAS Y COOKIES"
"07121505","SUC. ANGULA COCINAR"
"07121510","SUC. ANGULA CALENTAR Y LISTO"
"07122005","SUC. CANGREJO BARRITAS"
"07122010","SUC. CANGREJO RALLADO"
"07122505","SALMON LONCHAS"
"07122510","SALMON CONSUMO INDIVIDUAL"
"07122515","SALMON OTROS CORTES"
"07122520","SALMON ADEREZADO"
"07122525","OTROS AHUMADOS"
"07123005","LATA OCT. CANTABRICO"
"07123010","LATA OCT. NO CANTABRICO"
"07123015","TARRO CANTABRICO"
"07123020","TARRO NO CANTABRICO"
"07123025","OTROS FORMATOS CANTABRICO"
"07123030","OTROS FORMATOS NO CANTABRICO"
"07123035","BOQUERON EN VINAGRE"
"07123040","OTRAS VARIEDADES"
"07123045","GILDAS"
"07123505","MEJ. CONCHA NATURAL"
"07123510","MEJ. CONCHA EN SALSA"
"07123515","MEJ. SIN CONCHA"
"07124005","PULPO COC. ENTERO"
"07124010","PULPO COC. PATAS"
"07124015","PULPO COC. TROCEADO"
"07124505","PINTXOS"
"07124510","LANGOSTINOS"
"07124515","SOPAS"
"07124520","HUEVAS EN CONSERVA"
"07124525","SALAZONES, MOJAMAS Y OTROS"
"07131005","PESCADO MENUDO PFE"
"07131010","MERLUZA Y PESCADILLA PFE"
"07131015","BACALAO PFE"
"07131020","BONITO Y ATUN PFE"
"07131025","RAPE PFE"
"07131035","PESCADO SALVAJE OTROS PFE"
"07131040","PESCADOS PLANOS PFE"
"07131505","SALMON FILETE,LOMO,RODAJA PFE"
"07131510","SALMON OTROS CORTES PFE"
"07131515","LUBINA Y DORADA CRIANZA PFE"
"07131520","OTROS PESCADOS CRIANZA PFE"
"07132005","BACALAO DESALADO DESMIGADO"
"07132010","BACALAO DESALADO CORTES"
"07132015","BACALAO DESALADO LOMOS"
"07132020","BACALAO SECO DESMIGADO"
"07132025","BACALAO SECO CORTES"
"07132030","BACALADAS"
"07132035","OTROS CURADOS"
"07132505","PULPO, SEPIA Y CALAMAR PFE"
"07132510","OTROS CEFALOPODOS PFE"
"07133005","LANGOSTINO COCIDO GRANDE PFE"
"07133010","LANGOSTINO COCIDO PEQUEÑO PFE"
"07133015","LANGOSTINO CRUDO PFE"
"07133020","CRUSTACEO COCIDO PFE"
"07133025","CRUSTACEO CRUDO PFE"
"07133030","MARISCO OTROS PFE"
"07133505","COCINAR Y LISTO"
"07133510","RAPIDO Y FACIL"
"07141005","ANCHOA"
"07141008","SARDINAS"
"07141010","LIRIO/BACALADILLA"
"07141015","SALMONETES"
"07141020","OTROS PESCADOS MENUDOS"
"07141305","CABALLA-VERDEL"
"07141310","CHICHARRO-JUREL"
"07141605","GALLO"
"07141610","LENGUADO SALVAJE"
"07141615","OTROS PESCADOS PLANOS"
"07141905","PESCADILLA"
"07141910","MERLUZA PIEZA ANZUELO"
"07141915","MERLUZA PIEZA OTRAS"
"07141920","CORTES DE MERLUZA"
"07142205","COCOCHAS Y CARRILERAS"
"07142215","BACALAO PIEZA"
"07142220","CORTES BACALAO"
"07142505","PIEZAS DE RAPE"
"07142510","CORTES DE RAPE"
"07142805","PIEZAS DE BONITO"
"07142810","CORTES DE BONITO"
"07142815","ATUN Y OTROS TUNIDOS"
"07143105","PIEZAS DE SALMON"
"07143110","CORTES DE SALMON"
"07143405","LUBINA CRIANZA"
"07143410","DORADA CRIANZA"
"07143415","TRUCHA CRIANZA"
"07143420","RODABALLO CRIANZA"
"07143430","CORVINA CRIANZA"
"07143435","LENGUADO CRIANZA"
"07143440","OTROS PESCADOS CRIANZA"
"07143705","CONGRIO"
"07143710","LUBINA BESUGO Y OTROS SALVAJE"
"07143715","MARRAJO PEZ ESPADA"
"07143720","ZAPATERO"
"07143725","RAYA"
"07143730","CABRAS-GALLINETAS"
"07143735","OTROS CORTES DE PESCADO"
"07143745","OTROS PESCADOS"
"07144005","PULPO CRUDO"
"07144010","SEPIA FRESCA"
"07144015","SEPIA ELABORADA"
"07144020","CALAMAR ELABORADO"
"07144025","CALAMAR FRESCO"
"07144030","OTROS CEFALOPODOS"
"07144305","LANGOSTINO COCIDO"
"07144310","LANGOSTINO CRUDO"
"07144315","GAMBON"
"07144320","GAMBA"
"07144325","CIGALA"
"07144330","CRUSTACEOS VIVOS"
"07144335","CRUSTACEOS COCIDOS"
"07144340","CANGREJO DE RIO"
"07144345","PERCEBE"
"07144605","MEJILLON"
"07144610","ALMEJAS"
"07144615","NAVAJAS"
"07144620","OSTRAS"
"07144625","CARACOLES"
"07144630","OTRAS CONCHAS"
"08010101","ACEIT. RELL. ANCHOA LATA UNIT."
"08010102","ACEITUNAS RELLENAS ANCHOA PACK"
"08010103","ACEITUNAS RELLENAS PIMIENTO"
"08010105","ACEITUNAS RELLENAS VARIOS"
"08010301","ACEITUNA VERDE BOLSA SIN HUESO"
"08010302","ACEITUNAS VERDES CON HUESO"
"08010304","ACEITUNAS VERDES SIN HUESO"
"08010310","ACEITUNA VERDE BOLSA CON HUESO"
"08010502","ACEITUNAS NEGRAS CON HUESO"
"08010504","ACEITUNAS NEGRAS SIN HUESO"
"08010701","ACEITUNAS GORDALES"
"08010702","ACEITUNAS ESPECIALIDADES RESTO"
"08010901","PEPINILLOS"
"08010903","BANDERILLAS"
"08010905","CEBOLLITAS"
"08010907","ALCAPARRAS"
"08010909","GUINDILLAS"
"08010911","VARIANTES"
"08010913","COCKTAILS"
"08012005","ACEITUNAS SALUD PACK"
"08012010","ACEITUNAS SALUD UNITARIA"
"08031901","CACAHUETES"
"08031905","MAICES"
"08031907","SNACKS MICROONDAS"
"08031915","PALOMITAS"
"08031918","PIPAS GIRASOL CASCARA AGUASAL"
"08031920","PIPAS GIRASOL CASCARA CON SAL"
"08031925","PIPAS GIRASOL SABORIZADAS"
"08031930","PIPAS RESTO"
"08032101","ALMENDRAS"
"08032103","ANACARDOS"
"08032105","AVELLANAS"
"08032107","NUECES"
"08032109","PISTACHOS"
"08032113","COCKTAIL NOBLES"
"08032115","OTROS FRUTOS SECOS NOBLES"
"08032301","COCKTAIL CON CASCARA"
"08032303","COCKTAIL S/CASCARA HASTA 150G"
"08032310","COCKTAIL S/CASCARA MAS DE 150G"
"08032503","CIRUELAS"
"08032505","PASAS"
"08032511","OTRAS FRUTAS DESECADAS"
"08051505","PATATA SABOR LISA"
"08051510","PATATA SABOR ONDULADA"
"08051515","PATATA SAL LISA"
"08051520","PATATA SAL ONDULADA"
"08051525","PATATA TRADICIONAL ARTESANA"
"08051530","PATATA TRADICIONAL GOURMET"
"08051535","PATATA TUBO SABOR"
"08051540","PATATA TUBO SAL"
"08051545","PATATA SALUDABLES"
"08051550","FORMATO AHORRO PATATA"
"08052005","APERITIVO INFANTIL RESTO"
"08052010","APERITIVO INFANTIL SABOR"
"08052015","APERITIVO NACHOS"
"08052020","APERITIVO NACHOS SALSA"
"08052025","APERITIVO RESTO"
"08052030","APERITIVO RESTO COCKTAIL"
"08052035","APERITIVO RESTO CORTEZAS"
"08052040","APERITIVO RESTO CRUJIENTE"
"08052045","APERITIVOS SALUDABLES"
"08052050","FORMATO AHORRO APERITIVO"
"08090111","TOFFEE"
"08090113","MASTICABLE"
"08090115","CON PALO"
"08090120","BALSAMICO FRUTAL"
"08090123","BALSAMICO MENTOLADO"
"08090126","COMPRIMIDO FRUTAL"
"08090129","COMPRIMIDO MENTOLADO"
"08090132","GOMA AZUCAR"
"08090135","GOMA BRILLO"
"08090138","GOMA PICA"
"08090141","NUBE"
"08090144","REGALIZ NEGRO"
"08090147","REGALIZ RESTO BRILLO"
"08090150","REGALIZ RESTO PICA"
"08090153","RESTO"
"08090710","DISFRUTE FRUTAL GRAGEA"
"08090715","DISFRUTE FRUTAL LAMINA"
"08090720","DISFRUTE MENTOLADO"
"08090725","FUNCIONAL FRUTAL"
"08090730","FUNCIONAL MENTOL GRAGEA BOLSA"
"08090735","FUNCIONAL MENTOL GRAGEA BOTE"
"08090740","FUNCIONAL MENTOL GRAGEA MULTIP"
"08090745","FUNCIONAL MENTOL LAMINA"
"08091501","CELEBRACION"
"08092005","CAMPAÑA HALLOWEEN"
"08092010","CAMPAÑA NAVIDAD"
"08092015","CAMPAÑA RESTO"
"08100101","TOMATE NATURAL ENTERO"
"08100110","TOMATE TRITURADO HASTA 500G"
"08100115","TOMATE TRITURADO MAS DE 500G"
"08100120","ESPECIALIDADES"
"08100901","TOMATE FRITO LISO BRIK UNIT"
"08100903","TOMATE FRITO LISO BRIK PACK"
"08100905","TOMATE FTO LISO FCO HASTA 500G"
"08100907","TOMATE FRITO LISO FCO MAS 500G"
"08100909","TOMATE FRITO LISO LATA"
"08100913","TOMATE FRITO OLIVA"
"08100917","TOMATE FRITO CASERO HASTA 500G"
"08100919","TOMATE FTO CASERO MAS DE 500G"
"08100925","FRITADAS Y PISTOS"
"08110501","PIMIENTO ROJO LATA"
"08110505","PIMIENTO ROJO FRASCO"
"08110709","PIMIENTO PIQUILLO LATA"
"08110713","PIMI PIQUI FCO ENTERO BASICO"
"08110714","PIMI PIQUI FCO ENTERO PREMIUM"
"08110715","PIMI PIQUI FRASCO TIRAS"
"08110798","ESPECIALIDADES"
"08120915","ESPARRAGO FRASCO MEDIO"
"08120920","ESPARRAGO FRASCO GRUESO"
"08120925","ESPARRAGO FRASCO MUY GRUESO"
"08120930","ESPARRAGO FRASCOEXTRA GRUESO"
"08120935","ESPARRAGO LATA MEDIO"
"08120940","ESPARRAGO LATA GRUESO"
"08120945","ESPARRAGO LATA MUY GRUESO"
"08120950","ESPARRAGO LATA EXTR GRUESO"
"08121101","YEMAS DE ESPARRAGOS"
"08121103","TALLOS DE ESPARRAGOS"
"08121301","ESPARRAGOS VERDES"
"08131701","ALCACHOFA LATA"
"08131703","ALCACHOFA FRASCO"
"08131901","GUISANTES LATA PACK"
"08131903","GUISANTES LATA UNITARIA"
"08131905","GUISANTES FRASCO"
"08132103","CHAMPIÑON LAMINADO"
"08132105","CHAMPIÑON ENTERO"
"08132301","MACEDONIA"
"08132310","MEZCLA DE VERDURAS"
"08132501","BORRAJA"
"08132505","ESPINACAS"
"08132507","ACELGAS"
"08132509","PUERROS"
"08132513","CARDO"
"08132525","HABAS"
"08132530","PATATAS"
"08132598","VARIOS"
"08133005","ENSALADA PREPARADA FRASCO"
"08133010","ENSALADA PREPARADA LATA"
"08133505","MAIZ DULCE UNITARIO"
"08133510","MAIZ DULCE PACK"
"08133515","MAIZ SALUD"
"08134005","REMOLACHA"
"08134010","BROTES GERMINADOS"
"08134015","ZANAHORIA"
"08134020","INGREDIENTES ENSALADA VARIOS"
"08134505","SETAS"
"08134510","ROVELLONES"
"08135005","JUDIAS"
"08135505","MENESTRA"
"08150101","MERMELADA/CONFITURA MELOCOTON"
"08150103","MERMELADA/CONFITURA CIRUELA"
"08150105","MERMELAD/CONFITURA ALBARICOQUE"
"08150107","MERMELADA/CONFITURA FRESA"
"08150115","MERMELADA/CONFITURA ARANDANOS"
"08150120","MERM/CONFITURA FRUTOS ROJOS"
"08150125","MERMELADA/CONFITURA NARANJA"
"08150130","MERMELADA/CONFITURA FRAMBUESA"
"08150198","MERMELADA/CONFITURA VARIOS"
"08150701","MERM/CONFITURA DIET MELOCOTON"
"08150703","MERM/CONFITURA DIET CIRUELA"
"08150705","MERM/CONF. DIET ALBARICOQUE"
"08150707","MERM/CONFITURA DIET FRESA"
"08150708","MERM/CONF. DIET FRUTOS ROJOS"
"08150709","MERM/CONFITURA DIET VARIOS"
"08151101","PICOS MEMBRILLO Y VARIOS"
"08151505","MERMELADA CULINARIA VARIOS"
"08170101","MELOCOTON HASTA MEDIO KILO"
"08170103","MELOCOTON MAS DE MEDIO KILO"
"08170110","MELOCOTON PACK"
"08170205","MELOCOTON VARIOS"
"08170301","PIÑA HASTA MEDIO KILO"
"08170303","PIÑA MAS DE MEDIO KILO"
"08170310","PIÑA PACK"
"08170505","COCKTAIL"
"08170507","PERA"
"08170515","CEREZAS"
"08170525","RESTO ALMIBARES"
"08190105","MIEL MILFLORES HASTA 500 G"
"08190107","MIEL MILFLORES G C/DOSIFICAD"
"08190109","MIEL MILFLORES MAS DE 500 GRS"
"08190301","MIEL AZAHAR/NARANJO"
"08190303","MIEL BOSQUE"
"08190305","MIEL BREZO"
"08190311","MIEL ROMERO"
"08190315","OTRAS MIELES MONOFLORALES"
"08190503","MIEL SALUD"
"08190509","OTRAS VARIEDADES DE MIEL"
"08210101","LECHE EN POLVO"
"08210301","LECHE CONDENSADA GRANDE"
"08210303","LECHE CONDENSADA PEQUEÑA"
"08210605","LECHE ALMENDRA"
"08210915","LECHE EVAPORADA"
"08230107","VENTRESCA ATUN CLARO"
"08230111","ATUN CLARO ESCABECHE"
"08230113","ATUN CLARO NATURAL"
"08230120","ATUN CLARO EN ACEITE GIRASOL"
"08230125","ATUN CLARO EN ACEITE OLIVA"
"08230309","ATUN ESCABECHE"
"08230311","ATUN NATURAL"
"08230315","ATUN EN ACEITE GIRASOL"
"08230320","ATUN EN ACEITE OLIVA"
"08230707","VENTRESCA DE BONITO"
"08230709","BONITO ACEITE"
"08230711","BONITO ESCABECHE"
"08230901","MEJILLON PACK"
"08230903","MEJILLON LATA"
"08231101","SARDINA ACEITE"
"08231103","SARDINA ESCABECHE"
"08231105","SARDINA TOMATE"
"08231107","SARDINA PICANTE"
"08231301","SARDINILLA ACEITE"
"08231310","SARDINILLA ESCABECHE"
"08231315","SARDINILLA PICANTE"
"08231320","SARDINILLA TOMATE"
"08231501","CALAMAR "
"08231510","CHIPIRON"
"08231701","PULPO "
"08232101","BERBERECHO "
"08232501","CABALLA NORTE"
"08232503","CABALLA SUR"
"08232701","MELVA"
"08232703","GULA"
"08232709","HUEVAS"
"08232711","OTRAS CONSERVAS"
"08232715","BACALAO"
"08232720","ZAMBURIÑA"
"08232725","ALMEJA"
"08232730","NAVAJA"
"08232735","NAVAJUELA"
"08250101","PATE/CREMA TOST.CARNICO CERDO"
"08250105","PAT/CREMA TOST.CARNICO PREMIUM"
"08250107","PATE/CREMA TOST.CARNICO VARIOS"
"08250110","PATE/CREMA TOST. VARIOS"
"08250301","PATE BOCADILLO PESCADO"
"08250305","PATE BOCAD. CARNICO CERDO PACK"
"08250310","PATE BOCAD. CARNICO UNITARIO"
"08250315","PATE BOCAD CARNICO  VARIOS"
"08312005","MINI ADULTO - 1,5K"
"08312010","MINI ADULTO + 1,5K"
"08312015","MINI ESPECIALIDADES"
"08312020","MED/MAXI ADULTO - 5K CARNE"
"08312025","MED-MAX ADULT - 5K CARNE ROJA"
"08312030","MED-MAX - 5K ESPECIALIDADES"
"08312035","MED-MAX ADULT + 5K CARNE ROJA"
"08312040","MED-MAX ADULT+ 5K CARNE BLANCA"
"08312050","MED/MAX + 5K ESPECIALIDADES"
"08312505","LATON"
"08312510","LATA"
"08312515","TARRINAS MINI RACION IND POLLO"
"08312520","TARRINAS MINI RACION IND VARIO"
"08312525","TARRINAS MINI MPACK"
"08312530","TARRINAS MED/MAXI CARNE"
"08312535","TARRINAS MED/MAXI VARIOS"
"08312540","PERRO HUMEDO SOBRES"
"08312545","PERRO SALCHICHA"
"08313005","STICKS DENTALES UNIT MINI"
"08313010","STICKS DENTALES UNIT MED/MAXI"
"08313015","STICKS DENTALES MPACK MINI"
"08313020","STICKS DENTALES MPACK MED/MAXI"
"08313025","SNACKS NO DENTAL TIRAS"
"08313030","SNACKS NO DENTAL GALLETAS"
"08313035","SNACKS NO DENTAL VARIOS"
"08313505","JUNIOR"
"08313510","ADULTO - 1,5KG"
"08313515","ADULTO + 1,5KG CARNE ROJA"
"08313520","ADULTO + 1,5KG PESCADO"
"08313525","ADULTO + 1,5KG CARNE BLANCA"
"08313535","ESPECIALIDADES"
"08313540","ESTERILIZADO ADULTO - 1KG"
"08313545","ESTERILIZADO ADULTO + 1KG"
"08313550","ESTERILIZADO ESPECIALIDADES"
"08314005","LATAS"
"08314010","LATITAS INDIVIDUALES PESCADO"
"08314015","LATITAS INDIVIDUALES VARIOS"
"08314020","LATITAS MPACK"
"08314025","TARRINAS"
"08314030","SOBRES RACION INDIVIDUAL"
"08314035","SOBRES MPACK SABOR PESCADO"
"08314040","SOBRES MPACK SABOR AVE"
"08314045","SOBRES MPACK SABORES VARIOS"
"08314505","GATO SNACKS"
"08314510","GATO SNACKS ANTIBOLAS"
"08314515","GATO SNACKS STICKS"
"08315005","ARENA GATO"
"08315010","ARENA GATO PERLAS SILICE"
"08315503","PERRO HUESOS"
"08315506","PERRO HIGIENE DESPARASITACION"
"08315509","PERRO HIGIENE COLLARES"
"08315512","PERRO HIGIENE CHAMPU"
"08315515","PERRO HIGIENE VARIOS"
"08315521","PERRO JUEGOS"
"08316005","GATO HIGIENE DESPARASITACION"
"08316010","GATO HIGIENE VARIOS"
"08316020","GATO JUEGOS"
"08316025","GATO SEGURIDAD"
"08316505","PAJAROS BARRITAS"
"08316510","PAJAROS SEMILLAS"
"08317005","ALI Y ACC OTROS ANIMALES"
"08317015","ALIMENTACION PECES TORTUGAS"
"08330301","CHOCOLATEADO BARRITA LC"
"08330307","CHOCOLATEADO GRAGEA LC"
"08330320","CHOCOLATEADO RESTO LC"
"08330901","SNACKS SALADOS"
"08331005","BALSAMICO FRUTAL LC"
"08331010","BALSAMICO MENTOLADO LC"
"08331015","COMPRIMIDO FRUTAL LC"
"08331020","COMPRIMIDO MENTOLADO LC"
"08331025","CON PALO LC"
"08331030","MASTICABLE LC"
"08331035","RESTO LC"
"08331505","DISFRUTE FRUTAL GRAGEA LC"
"08331510","DISFRUTE FRUTAL LAMINA LC"
"08331515","DISFRUTE MENTOLADO LC"
"08331520","FUNCIONAL FRUTAL LC"
"08331525","FUNCIONAL MENTOL GRAGEA BT LC"
"08331530","FUNCIONAL MENTOL GRAGEA P. LC"
"08331535","FUNCIONAL MENTOL LAMINA LC"
"08332005","LICENCIA LC"
"08361005","GOLOSINAS FORMATO FAMILIAR"
"08361010","GOLOSINAS BRILLO BAJO GRAMAJE"
"08361015","GOLOSINAS AZUCAR BAJO GRAMAJE"
"08361020","GOLOSINAS PICA BAJO GRAMAJE"
"08361025","REGALICES BAJO GRAMAJE"
"08390505","MEXICANA APERITIVOS"
"08390510","MEXICANA ESPECIALIZACION"
"08390515","MEXICANA KITS"
"08390520","MEXICANA MASAS"
"08390525","MEXICANA SALSAS"
"08390530","LATINA Y CRIOLLA"
"08391005","CHINA"
"08391010","INDIA Y THAI"
"08391015","JAPONESA"
"08391020","COMIDA ASIATICA RESTO"
"08391505","ARABE"
"08391510","COMIDA RESTO RESTO"
"08420505","SNACKS"
"08420510","CEREALES, GALLETAS Y PAN"
"08420515","SALSA"
"08420520","COMIDA ALEMANA RESTO"
"08421005","COMIDA  INGLESA RESTO"
"08421010","CEREALES, PAN MOLDE Y GALLETAS"
"08421015","CHOCOLATE"
"08421020","MERMELADAS"
"08421025","SOPA Y SALSAS"
"08421030","TE Y AZUCAR"
"08421505","COMIDA  FRANCESA"
"08422005","COMIDA  HOLANDESA"
"08422505","COMIDA  RESTO"
"08450505","COCINA"
"08451005","SALUD"
"08451505","FRUTAS DESHIDRATADAS CIRUELAS"
"08451510","FRUTAS DESHIDRATADAS DATILES"
"08451515","FRUTAS DESHIDRATADAS HIGOS"
"08451520","FRUTAS DESHIDRATADAS OREJONES"
"08451525","FRUTAS DESHIDRATADAS PASAS"
"08451530","FRUTAS DESHIDRATADAS OTROS"
"08452005","FRUTOS SEC. S/CASCARA ALMENDRA"
"08452010","FRUTOS SEC. S/CASCARA AVELLANA"
"08452015","FRUTOS SEC. S/CASCARA NUEZ"
"08452020","FRUTOS SEC. S/CASCARA COCKTAIL"
"08452025","FRUTOS SEC. S/ CASCARA OTROS"
"08452505","FRUTOS SEC. C/CASCARA PISTACHO"
"08452510","FRUTOS SEC. C/CASCARA NUEZ"
"08452515","FRUTOS SEC. C/CASCARA OTROS"
"08480505","ACEITUNAS TRADICIONALES"
"08481005","ENCURTIDOS TRADICIONALES"
"09010101","ACEITE DE OLIVA 0,4 1L"
"09010103","ACEITE OLIVA 0,4º FORM.GRANDES"
"09010107","ACEITE DE OLIVA 1º 1L"
"09010109","ACEITE OLIVA 1º FORM. GRANDES"
"09010111","OTROS ACEITES OLIVA"
"09010301","ACEITE V. EXTRA  500 ML"
"09010302","ACEITE V. EXTRA 500 ML D.O."
"09010303","ACEITE V. EXTRA  0,75 L Y LATA"
"09010304","ESPECIALES 0,75 Y LATAS  D.O."
"09010305","ACEITE VIRGEN FORMATOS GRANDES"
"09010306","ESPECIALES PEQUEÑOS Y SPRAYS"
"09010307","ACEITE VIRGEN FORMATO PET"
"09010315","ACEITE V. EXTRA FORMATO PET"
"09010320","ACEITE V. EXTRA PET VARIETAL"
"09010501","ACEITES GIRASOL 1L"
"09010503","ACEITE GIRASOL FORMATO GRANDE"
"09010701","ACEITE DE MAIZ"
"09010703","OTROS ACEITES DE SEMILLAS"
"09020505","VINAGRES DE VINO PEQUEÑOS"
"09020510","VINAGRES DE VINO 1L"
"09021005","VINAGRES DE MANZANA O SIDRA"
"09021505","VINAGRES DE JEREZ Y OTROS"
"09021510","VINAGRES BALSAMICOS"
"09021515","VINAGRES AROMATIZADOS"
"09021520","CREMAS VINAGRE BALSAMICO"
"09021525","CREMAS VINAGRE FRUTA Y OTROS"
"09022005","VINAGRETAS"
"09022010","ADEREZOS LIMON"
"09022015","VINOS COCINAR"
"09030301","MAYO.S.FINAS FCO HASTA 300 ML"
"09030303","MAYO.S.FINAS FCO MAS 300 ML"
"09030306","MAYO.S.FINAS PET HASTA 300 ML"
"09030307","MAYO.S.FINAS PET MAS 300 ML"
"09030308","MAYONESAS SOBRES"
"09030309","SALSAS LIGERAS FRASCO"
"09030312","SALSAS LIGERAS PET"
"09030313","MAYONESAS C/OLIVA"
"09030340","MAYONESAS OTRAS"
"09030501","KETCHUP SALUD"
"09030502","KETCHUP MENOS 400 G"
"09030503","KETCHUP MAS 400 G"
"09030505","KETCHUP ESPECIALIDADES"
"09030515","KETCHUP SOBRES"
"09030703","MOSTAZAS PET Y SOBRES"
"09030707","MOSTAZAS DIJON"
"09030709","MOSTAZAS ANTIGUA"
"09030798","MOSTAZAS OTRAS FCO"
"09030805","SALSAS CESAR"
"09030810","SALSAS YOGURT"
"09030815","SALSAS MOSTAZA Y MIEL"
"09030820","SALSAS ENSALADA OTRAS"
"09030901","SALSAS ROSA COCKTAIL"
"09030903","SALSAS BARBACOA"
"09030904","SALSAS TARTARA"
"09030906","SALSAS PIMIENTA"
"09030909","SALSAS ALIOLI"
"09030910","SALSAS SNACKING"
"09030912","SALSAS PICANTES"
"09030919","SALSAS INTERNACIONALES"
"09030921","SALSAS SOJA"
"09030926","SALSAS BRAVA"
"09030941","SALSAS REGIONALES"
"09030944","SALSAS CHIMICHURRI"
"09030947","SALSAS MOJO PICON"
"09030950","SALSAS ESPECIALES QUESO"
"09030953","SALSAS ESPECIALES OTRAS"
"09050605","SAL FINA"
"09050610","SAL ENRIQUECIDA"
"09050615","SAL GRUESA"
"09050905","SAL PARA HORNO"
"09051205","SALERO SAL NORMAL"
"09051210","SALEROS HIPOSODICA"
"09051505","MOLINILLOS Y ESPECIALIDADES"
"09051805","BICARBONATO"
"09052105","ESCAMAS Y FLOR DE SAL NATURAL"
"09052110","SALES C/HIERBAS Y ESPECIAS"
"09052150","SALES ESPECIALES"
"09070103","ARROZ REDONDO"
"09070105","ARROZ BOMBA"
"09070303","ARROZ LARGO"
"09070503","ARROZ VAPORIZADO"
"09070701","ARROZ INTEGRAL"
"09070703","ARROZ AROMATICO"
"09070715","ARROZ ECOLOGICO"
"09070720","ARROZ SALVAJE"
"09070725","ARROZ RISOTTOS Y CALDOSOS"
"09070798","ARROZ RESTO ESPECIALIDADES"
"09070901","QUINOA Y SEMILLAS"
"09070903","RESTO CEREALES GUARNICIONES"
"09071101","VASITO ARROZ COCIDO"
"09071105","VASITO ARROZ INTEGRAL Y QUINOA"
"09071110","OTRAS VARIEDADES"
"09090101","ALUBIA BLANCA LARGA"
"09090103","ALUBIA MORADA"
"09090105","ALUBIA PINTA"
"09090107","ALUBIA NEGRILLA"
"09090109","ALUBIA PALMEÑA"
"09090113","ALUBIA NEGRA"
"09090115","ALUBIA JUDION"
"09090120","ALUBIA OTROS"
"09090301","GARBANZO MEJICANO"
"09090303","GARBANZO LECHOSO"
"09090307","GARBANZO PEDROSILLANO"
"09090310","OTROS GARBANZOS"
"09090501","LENTEJA CASTELLANA"
"09090503","LENTEJA PARDINA"
"09090505","LENTEJA RAPIDA"
"09090507","OTRAS LENTEJAS"
"09090901","ALUBIA BLANCA COCIDA FRASCO NORMAL"
"09090902","ALUBIA COCIDA FRASCO PEQUEÑO"
"09090904","ALUBIA COCIDA C/GUARNICION FRA"
"09090914","ALUBIA COLOR COCIDA FRASCO NORMAL"
"09090915","ALUBIA POCHA COCIDA FRASCO NORMAL"
"09090916","JUDION COCIDO FRASCO NORMAL"
"09091001","GARBANZO COCIDO FRASCO NORMAL"
"09091003","GARBANZO COCIDO FRASCO PEQUEÑO"
"09091005","GARBANZO COCIDO C/GUARNICION FRASCO"
"09091301","LENTEJA COCIDA  FRASCO NORMAL"
"09091303","LENTEJA COCIDA  FRASCO PEQUEÑO"
"09091305","LENTEJA COCIDA  C/GUARNICION FRASCO"
"09091501","OTRAS LEGUMBRES"
"09110401","FABADA FORMATO MENOS 600 G"
"09110403","FABADA FORMATO MAS 600 G"
"09110405","ALUBIAS"
"09110407","LENTEJAS"
"09110409","GARB.Y COCIDOS BASE GARBANZO"
"09110411","PLATOS LEGUMBRES LATA OTROS"
"09110601","ALBONDIGAS"
"09110801","CALLOS"
"09111403","PIMIENTOS RELLENOS"
"09111603","ENSALADAS PREPARADAS"
"09111801","PLATO MICROONDABLE BASE ARROZ"
"09111803","PLATO MICROONDABLE BASE PASTA"
"09111805","PLATO MICROONDA.BASE LEGUMBRES"
"09111807","PLATO MICROONDA.BASE VERDURAS"
"09111811","PLATO MICROONDABLE BASE CARNE"
"09111813","PLATO MICROONDA.BASE PESCADO"
"09112007","PLATOS PREPARADOS REGIONALES"
"09112009","PLATOS PREPARADOS OTROS"
"09112505","MENUS BOLSA"
"09112510","MENUS CUPS"
"09112515","NOODLES BOLSA BASICOS"
"09112520","NOODLES BOLSA YAKISOBA"
"09112525","NOODLES CUP BASICOS"
"09112530","NOODLES CUP YAKISOBA"
"09130103","HELICES Y ESPIRALES ENSALADAS"
"09130116","PASTA LARGA VEGETAL"
"09130198","RESTO PASTA ENSALADAS"
"09130302","PASTA LARGA ESPAGUETI"
"09130304","PASTA LARGA RESTO"
"09130306","PASTA CORTA MACARRON"
"09130308","PASTA SOPA FIDEO"
"09130316","PASTA CORTA RESTO"
"09130335","PASTA SOPA RESTO"
"09130402","PASTA LARGA GOURMET"
"09130404","PASTA CORTA GOURMET"
"09130405","PASTA GOURMET INTGRAL-S/GLUTEN"
"09130409","ESPECIALIDADES GOURMET"
"09130501","OTRAS LASAÑAS"
"09130503","CANELONES TRADICIONAL"
"09130505","LASAÑA INSTANT"
"09130507","CANELONES  INSTANT"
"09130602","PASTA S/GLUTEN CORTA"
"09130603","PASTA INTEGRAL CORTA"
"09130605","PASTA INTEGRAL LARGAS Y OTRAS"
"09130615","PASTA S/ GLUTEN LARGAS Y OTRAS"
"09130701","TORTELLINIS"
"09130703","RAVIOLIS"
"09130705","ÑOQUIS Y OTROS"
"09130710","COUS COUS"
"09130715","SEMOLAS Y TAPIOCAS"
"09130801","PASTA LARGA HUEVO"
"09130803","PASTA CORTA HUEVO"
"09130805","RESTO PASTA HUEVO Y NIDOS"
"09131201","SALSA PASTA CARNE"
"09131202","SALSA PASTA BLANCA"
"09131203","SALSA PASTA PESTOS"
"09131206","SALSA PASTA VEGETAL"
"09131210","SALSA PASTA QUESO"
"09131298","RESTO SALSAS PASTA"
"09150101","PURE PATATA NORMAL"
"09150105","PURE PATATA ESPECIALIDADES"
"09150201","AYUDA CULINARIA HORNO"
"09150203","AYUDA CULINARIA SARTEN"
"09150210","AYUDA CULINARIA OTROS"
"09150301","CALDO PASTILLA CARNE"
"09150303","CALDO PASTILLA AVE"
"09150304","CALDO PASTILLA PESCADO"
"09150305","CALDO PASTILLA VEGETAL"
"09150502","SOPA Y CREMA SOBRE BASICA"
"09150506","SOPA Y CREMA SOBRE INSTANTANEA"
"09150605","CALDO LIQUIDO CARNE"
"09150607","CALDO LIQUIDO AVE"
"09150609","CALDO LIQUIDO PESCADO"
"09150611","CALDO LIQUIDO VEGETAL"
"09150613","CALDO LIQUIDO COCIDO"
"09150615","CALDO LIQUIDO ARROZ Y FIDEUA"
"09150801","CREMA LIQUIDA FORMATO PEQUEÑO"
"09150803","CREMA LIQUIDA FORMATO FAMILIAR"
"09170101","HARINA COMUN"
"09170103","HARINA INTEGRAL"
"09170105","HARINA REPOSTERIA"
"09170107","HARINA REBOZADOS O FRITURAS"
"09170108","HARINA DE FUERZA"
"09170109","HARINAS ESPECIALIDADES"
"09170301","PAN RALLADO NORMAL"
"09170303","PAN RALLADO ESPECIALIDADES"
"09190101","AZUCAR BLANCO"
"09190103","AZUCAR MAS DE 1KG"
"09190105","AZUCAR MORENO"
"09190107","AZUCARILLOS"
"09190109","AZUCAR ESPECIALIDADES"
"09190303","EDULCORANTE LIQUIDO"
"09190305","EDULCORANTE POLVO"
"09190307","EDULCORANTE COMPRIMIDOS"
"09190398","OTROS EDULCORANTES"
"09210101","PASTELES MOUSSES"
"09210103","PASTELES FRESCOS"
"09210301","GELATINA FRESA"
"09210305","GELATINA LIMON"
"09210307","GELATINA OTROS SABORES"
"09210501","FLANES"
"09210503","NATILLAS"
"09210504","CUAJADAS"
"09210507","OTROS POSTRES TRADICIONALES"
"09210701","GELATINAS NEUTRAS"
"09210703","CARAMELOS Y SIROPES"
"09210707","OTRAS AYUDAS REPOSTERIA"
"09210709","CONDIMENTOS REPOSTERIA"
"09210715","AROMA Y ESENCIAS"
"09210720","COLORANTES Y COBERTURAS"
"09211005","VELAS"
"09211010","DECORACIONES"
"09211015","FRUTOS SECOS"
"09211505","BASES Y BIZCOCHOS"
"09211510","TARTAS CHOCOLATE"
"09211515","OTRAS  TARTAS"
"09212005","LEVADURA QUIMICA"
"09212010","LEVADURA PANADERA"
"09212015","OTROS FERMENTOS/GASIFICANTES"
"09250505","SALCHICHAS BOCKWURST"
"09250510","SALCHICHAS FRANKFURT"
"09250515","SALCHICHAS COCKTAIL"
"09250520","SALCHICHAS OTROS TIPOS"
"09251005","MAGRO Y FIAMBRES DE CERDO"
"09251015","MAGRO Y FIAMBRES DE VACUNO"
"09251505","PECHUGAS POLLO EN CONSERVA"
"09251510","PECHUGAS PAVO EN CONSERVA"
"09252005","CARACOLES"
"09252010","CONFIT Y MUSLOS DE PATO"
"09350503","PIMENTON DULCE"
"09350506","PIMENTON PICANTE"
"09350509","AZAFRAN"
"09350512","CANELA"
"09350515","COLORANTE ALIMENTARIO"
"09350518","PIMIENTA CAYENA"
"09350521","CLAVO"
"09350524","COMINO"
"09350527","CURCUMA"
"09350530","CURRY"
"09350533","JENJIBRE"
"09350536","NUEZ MOSCADA"
"09350539","AJONJOLI"
"09350542","ESPECIAS OTROS"
"09351003","AJOS"
"09351006","OREGANO"
"09351009","PEREJIL"
"09351012","ALBAHACA"
"09351015","ANIS"
"09351018","CEBOLLA"
"09351021","CILANTRO"
"09351024","ENELDO"
"09351027","ESTRAGON"
"09351030","HIERBABUENA"
"09351033","LAUREL"
"09351036","ROMERO"
"09351039","TOMILLO"
"09351042","HIERBAS PROVENZALES"
"09351505","PIMIENTA NEGRA"
"09351510","PIMIENTA BLANCA"
"09351515","PIMIENTA MEZCLA"
"09351520","PIMIENTA VERDE"
"09351525","OTROS CONDIMENTOS"
"09352005","SAZONADORES DEL MUNDO"
"09352010","SAZONADORES CARNE"
"09352015","SAZONADOR PASTA"
"09352020","SAZONADOR PAELLA"
"09352025","OTROS SAZONADORES"
"09352505","PIMIENTO SECO"
"09352510","PIÑONES"
"09352515","CEBOLLA FRITA"
"09352520","OTRAS ESPECIALIDADES"
"09352525","ESPECIAS COCTELERIA"
"10026605","BEBIDAS DE SOJA"
"10026610","BEBIDAS DE AVENA"
"10026615","BEBIDAS DE ARROZ"
"10026620","BEBIDAS CON OTROS CEREALES"
"10026625","BEBIDAS DE ALMENDRA"
"10026905","BELLEZA"
"10026910","FUNCIONAL-SALUD"
"10026915","RELAX"
"10026920","CONTROL PESO CAPSULAS"
"10026935","ENERGETICOS"
"10026940","VITAMINAS Y  MINERALES"
"10027206","POSTRES Y ZUMOS"
"10027209","PAN TOSTADO Y PAN DE MOLDE"
"10027212","INFUSIONES"
"10027215","MERMELADAS"
"10027218","GALLETAS CHOCOLATE"
"10027221","GALLETAS FIBRA"
"10027227","OTRAS GALLETAS"
"10027230","PRODUCTOS SUSTITUTIVOS"
"10027233","PRODUCTOS SACIANTES"
"10027505","BARRITAS"
"10027510","GELES"
"10027525","SUPLEMENTOS DE NUTRICION"
"10028403","BOLLERIA"
"10028406","GALLETAS"
"10028409","CEREALES Y BARRITAS"
"10028412","TORTITAS SIN GLUTEN"
"10028415","HARINAS, PAN RALLADO, PREPARAD"
"10028421","MASAS Y PIZZAS"
"10028424","PASTA"
"10028427","PAN TOSTADO"
"10028430","PAN DE MOLDE"
"10028705","MULTICEREALES"
"10028710","BASICAS MAIZ"
"10028715","BASICAS ARROZ"
"10028720","MINI TORTITAS"
"10028725","SABORES"
"10028730","BAÑADAS MAIZ"
"10028735","BAÑADAS ARROZ"
"10029005","SEMILLAS"
"10029010","CEREALES"
"10029015","OTROS COMPLEMENTOS"
"10029020","LECITINAS"
"10029025","LEVADURAS"
"10029030","SALVADOS"
"10040124","TURRON BLANDO"
"10040127","TURRON DURO"
"10040130","TORTA IMPERIAL"
"10040133","TURRONES YEMA"
"10040136","TURRONES OBRADOR"
"10040139","PORCIONES TURRONES"
"10040142","TURRONES CHOCOLATE CRUJIENTES"
"10040145","PRALINE (CREM CHOCO ALM/AVELL)"
"10040148","TURRONES CHOCOLATE CON F SECOS"
"10040315","MAZAPAN"
"10040318","PASTELES Y PAN DE CADIZ"
"10040321","MARQUESAS"
"10040324","VARIOS MAZAPAN"
"10040510","POLVORONES Y MANTECADOS"
"10040515","SURTIDO POLVORONES Y MANTECAD"
"10040722","PELADILLAS Y PIÑONES"
"10040725","ALMENDRAS RELLENAS Y GARRAPIÑ"
"10040728","HOJALDRES NAVIDAD"
"10040731","NEULAS Y BARQUILLOS"
"10040734","VARIOS ESPECIALIDADES"
"10041105","PANETTONES TRACIONALES"
"10041110","PANNETONES ESPECIALIDADES"
"10041115","OTRAS ESPECIALIADES ITALIANAS"
"10041322","GRANEL BANDA BASICA"
"10041805","TURRONES ECOLOGICOS"
"10042105","GAMA INFANTIL"
"10042705","TURRONES SIN AZUCAR"
"10042715","VARIOS SIN AZUCAR"
"10080101","CAFE GRANO NATURAL"
"10080103","CAFE GRANO MEZCLA"
"10080105","CAFE GRANO OTROS"
"10080301","CAFE MOLIDO NATURAL"
"10080303","CAFE MOLIDO MEZCLA"
"10080307","CAFE MOLIDO DESCAFEINADO"
"10080311","CAFE MOLIDO ORIGENES"
"10080313","CAFE MOLIDO EXPRESSO"
"10080401","SISTEMA DOLCE GUSTO"
"10080403","SISTEMA TASSIMO"
"10080409","SISTEMA NESPRESSO"
"10080411","OTROS SISTEMAS"
"10080501","CAFE SOLUBLE NATURAL - 200GR"
"10080503","CAFE SOLUBLE NATURAL + 200GR"
"10080505","CAFE SOLUBLE NATURAL SOBRES"
"10080507","CAFE SOLUBLE DESCAFE - 200GR"
"10080509","CAFE SOLUBLE DESCAFE + 200GR"
"10080511","CAFE SOLUBLE DESCAFE SOBRES"
"10080513","CAFE SOLUBLE MEZCLAS"
"10080515","CAFE SOLUBLE ESPECIALIDADES"
"10080701","ACHICORIA GRANO"
"10080703","ACHICORIA SOLUBLE"
"10080705","MALTA"
"10080901","CEREALES SOLUBLES"
"10101505","INF.BOLSITAS MANZANILLA"
"10101510","INF.BOLSITAS TILA"
"10101515","INF.BOLSITAS POLEO"
"10101520","INF.BOLSITAS ROOIBOS"
"10101525","INF.BOLSITAS LINEA"
"10101530","INF.BOLSITAS RELAX"
"10101535","INF.BOLSITAS DIGESTIVO"
"10101540","INF.BOLSITAS RESTO FUNCIONALES"
"10101545","INF.BOLSITAS OTROS"
"10102005","TE BOLSITAS ROJO"
"10102010","TE BOLSITAS VERDE"
"10102015","TE BOLSITAS NEGRO"
"10102020","TE BOLSITAS OTROS"
"10103015","TE GRANEL NEGRO"
"10103505","INFUSIONES Y TE OTROS"
"10110103","SOLUBLES CACAO ESPECIALIDADES"
"10110105","SOLUBLES CACAO HASTA  500 GR"
"10110107","SOLUBLES CACAO 500GR A 1200GR"
"10110111","SOLUBLES CACAO MAS DE 1200 GR"
"10110303","INSTANT. CACAO ESPECIALIDADES"
"10110305","INSTANT. CACAO HASTA 500 GR"
"10110307","INSTANT. CACAO 500 GR a 1200GR"
"10110309","INSTANT. CACAO MAS DE 1200GR"
"10110501","CACAO POLVO"
"10110505","CACAO POLVO INSTANTANEO"
"10120405","CREMAS CACAO CHOCO MAS 400 GR"
"10120410","CREMAS CACAO CHOCO HASTA 400GR"
"10120415","CREMAS CACAO DUO"
"10120420","CREMAS CACAO OTROS"
"10120506","SNACKS"
"10140301","CHOCO LECHE C/ALMENDRAS"
"10140305","CHOCO LECHE C/AVELLANAS"
"10140309","CHOCO LECHE C/OTRAS ADICIONES"
"10140315","CHOCOLATE LECHE"
"10140320","CHOCOLATE LECHE PACKS"
"10140325","CHOCOLATE LECHE 300GR O MAS"
"10140330","CHOCO LECHE BLANCO"
"10140335","CHOCO LECHE C/GALLETAS"
"10140501","CHOCOLATE NEGRO"
"10140510","CHOCO NEGRO C/ALMENDRAS"
"10140515","CHOCO NEGRO C/OTRAS ADIC"
"10141101","CHOCOLATE POSTRE"
"10141106","CHOCOLATE TAZA"
"10141301","CHOCO EXPER. NEGRO C/ADIC"
"10141302","CHOCO EXPER. LECHE C/ADIC"
"10141305","CHOCO EXPER. BLANCO Y LECHE"
"10141316","CHOCO EXPER NEGR MENOS 70"
"10141319","CHOCO EXPER. NEGRO 70 A 84"
"10141322","CHOCO EXPER. NEGRO 85 O MAS"
"10141325","CHOCO EXPER NEGR C.ALMEND"
"10141501","CHOCOLATES S/AZUCAR LECHE"
"10141507","CHOCO S/AZUCAR NEGRO"
"10141701","CHOCO INFANTIL C/LECHE"
"10141709","CHOCO INFANTIL C/ADICIONES"
"10151805","ACEITE, VINAGRES Y ADEREZOS"
"10151810","MACROBIOTICA"
"10151815","SAL Y ESPECIAS"
"10152105","ACEITUNAS Y ENCURTIDOS"
"10152110","PATATAS FRITAS Y SNACKS"
"10152115","FRUTOS SECOS"
"10152120","TORTITAS"
"10152125","BARRITAS"
"10152405","SEMILLAS"
"10152410","LEGUMBRES SECAS Y LEG COCIDAS"
"10152415","ARROZ Y CUSCUS"
"10152705","AZUCAR Y EDULCORANTES"
"10152715","CHOCOLATES Y BOMBONES"
"10153005","MERMELADAS, ALMIBARES Y MIEL"
"10153010","PAN TOSTADO Y PAN DE MOLDE"
"10153015","BOLLERIA INDUSTRIAL Y GALLETAS"
"10153020","CREMAS Y CACAOS EN POLVO"
"10153025","CEREALES"
"10153030","CAFE"
"10153035","INFUSIONES"
"10153305","CONSERVAS DE PESCADO"
"10153310","CONS VEGET, TOM, PIMIEN, ESPAR"
"10153315","PATES"
"10153320","SALSAS"
"10153605","HARINAS Y PAN RALLADO"
"10153610","PASTA"
"10153615","SOPAS, MENUS, PURES Y CALDOS"
"10153905","LECHES"
"10153910","BEBIDAS VEGETALES AVENA"
"10153915","BEBIDAS VEGETALES SOJA"
"10153920","BEBIDAS VEGETALES ARROZ"
"10153925","OTRAS BEBIDAS VEGETALES"
"10154205","ESPUMOSOS"
"10154220","VINOS"
"10154225","ZUMOS"
"10154230","ZUMOS GO"
"10160101","BARRITAS CHOCO ADULT RELL MINI"
"10160103","BARRITAS CHOCO INFANTIL"
"10160109","BARRITAS CHOCO ADULTO OTRAS"
"10160111","BARRITAS CHOCO ADULTO RELLENAS"
"10160303","FIGURAS HUEVOS CHOCOLATE"
"10160306","FIGURAS OTROS FORM CHOCO"
"10160309","FIGURA CHOCO OTROS FORM CAMPAÑ"
"10160501","GRAGEAS CHOCOLATE ADULTO"
"10160503","GRAGEAS CHOCOLATE INFANTIL"
"10180106","BOMBONES CONS. PROPIO SURTIDO"
"10180109","BOMBONES CONS. PROPIO MONOVAR"
"10180303","BOMBON REGALO CAJAS Y BANDEJAS"
"10180310","BOMBON REGALO FORMAT. ESPECIAL"
"10181005","BOMBONES COMPARTIR LECHE"
"10181010","BOMBONES COMPARTIR SURTIDO"
"10181015","BOMBONES COMPARTIR MONOVAR"
"10181505","BOMBONES TRUFAS CACAO"
"10181510","BOMBONES TRUFAS SABORES"
"10200101","MARIA O CLASICAS"
"10200104","TOSTADA"
"10200105","MINI SNACKING"
"10200106","BIZCOCHO"
"10200107","ARTESANA"
"10200310","TOSTADITAS"
"10200315","A CUCHARADAS"
"10200320","TIPO DINOS"
"10200502","FIBRA O INTEGRAL"
"10200504","CON INGREDIENTES"
"10200520","BAJO O SIN AZUCAR"
"10200525","BIO"
"10200707","BAÑADAS"
"10200708","DIGESTIVAS"
"10200709","RELLENAS"
"10200710","BIZCOCHO"
"10200711","BARRITAS"
"10200713","COOKIE"
"10200715","TOSTADA"
"10200720","ARTESANA"
"10200725","MINI SNACKING"
"10200907","BARQUILLO"
"10200909","PREMIUM O INTERNACIONALES"
"10200911","RELLENAS"
"10200915","GALLETAS SURTIDAS"
"10200920","PASTAS ARTESANAS O SURTIDAS"
"10200925","PARA HELADO"
"10220101","BARRITAS INFANTIL-JUVENIL"
"10220103","BARRITAS ENERGETICAS"
"10220107","BARRITAS FUNCIONALES"
"10220109","BARRITAS LINEA"
"10220113","OTROS FORMATOS SNACKS"
"10220701","CEREALES ADULTO FIBRA"
"10220703","CEREALES LINEA ESTANDAR"
"10220704","CEREALES LINEA SABORES"
"10220705","CEREAL ADULTO MUESLI-MULTICER"
"10220715","CEREALES FAMILIAR"
"10220720","CEREAL INFANTIL SIN CHOCOLATE"
"10220725","CEREAL INFANTIL CHOCO RELLENO"
"10220730","CER. INFANTIL CHOCO S/RELLENO"
"10240130","MAGDALENAS"
"10240133","CROISSANTS"
"10240136","SOBAOS"
"10240139","PAN LECHE, BRIOCHE, MEDIA NOCH"
"10240145","NAPOLIT, ENSAIM, OTROS DESAYUN"
"10240320","BERLINA Y BOLLO"
"10240329","PASTELITOS"
"10240335","GAMA 1€"
"10240340","ESPECIAL HORNO"
"10240531","PALMERA, GOFRE Y CREPE"
"10240537","PASTEL ALEMAN"
"10240541","BIZCOCHO, BRAZOS Y TARTAS"
"10240546","SNACK TRADICIONAL"
"10241205","SALUD"
"10260603","PAN BLANCO C/CORTEZA -700GR"
"10260605","PAN BLANCO C/CORTEZA +700GR"
"10260620","PAN BLANCO SIN CORTEZA"
"10260910","PAN INTEGRAL CON CORTEZA"
"10260915","PAN INTEGRAL SIN CORTEZA"
"10261001","HAMBURGUESA"
"10261003","HOT DOG"
"10261007","WRAPS Y PITTAS"
"10261009","FINOS Y ALEMANES"
"10261505","PAN MULTICEREAL Y SEMILLAS"
"10261510","PAN RUSTICO Y ARTESANO"
"10280103","PAN TOSTADO PT SALUDABLE"
"10280107","PAN TOSTADO PT TRADICIONAL"
"10280115","PAN TOSTADO PT ESPECIALES"
"10280120","PAN TOSTADO BISCOTTES"
"10280909","ESPECIAL CANAPES MINITOSTAS"
"10280915","ESP.CANAPES MINITOSTAS SABORES"
"10281001","APERIT. GALLETA SALADA -300GR"
"10281005","APERIT. GALLETA SALADA +300GR"
"10281010","APER. GALLETA SALADA VARIEDAD"
"10281015","APERITIVOS SNACK VARIADO"
"10281020","APERITIVOS GRISSINIS"
"10281025","APERITIVOS BARRITAS DE PAN"
"10281110","PANES ESPECIAL ACOMPAÑAMIENTO"
"10281120","PAN ESPEC.PANECILLOS SUECOS"
"10281301","OTRA VAR. TARTALETA-VOLOVAN"
"10281305","OTRAS VARIEDADES PICATOSTES"
"10290303","LOTES ELABORADOS"
"10330505","GRANEL"
"10391010","HELADOS"
"10391015","PRECOCINADOS"
"10391020","PLATOS PREPARADOS CONGELADOS"
"10420505","CARNICOS VEGETALES REFRIGERADO"
"10420510","PLATOS PREPARADOS REFRIGERADOS"
"10420515","YOGURES Y POSTRES REFRIGERADOS"
"10420520","MANTEQUILLAS, NATAS Y QUESOS"
"10420525","LECHE, BATIDOS Y ZUMOS REFRIG"
"11040101","AGUA CON GAS HASTA 0,5L"
"11040103","AGUA CON GAS MESA"
"11040301","AGUA TO GO"
"11040303","AGUA DE MESA"
"11040305","AGUA GARRAFA"
"11040501","AGUA SABOR"
"11040503","AGUA FUNCIONAL"
"11060101","ZUMO Y NECTAR BASICO"
"11060105","ZUMO Y NECTAR PREMIUM"
"11060115","ZUMO EXPRIMIDO"
"11060301","NECTAR SIN AZUCAR AÑADIDO"
"11060501","ZUMO Y NECTAR TO GO BASICO"
"11060503","ZUMO Y NECTAR TO GO PREMIUM"
"11060505","ZUMO Y NECTAR TO GO FUNCIONAL"
"11080101","CERVEZAS LAGER BOTELLA"
"11080103","CERVEZAS LAGER ESPECIALES"
"11080105","CERVEZAS LAGER LATA"
"11080501","CERVEZA 0,0 BOTELLA"
"11080503","CERVEZA 0,0 LATA"
"11080601","CERVEZAS EXTRA BOTELLA"
"11080602","CERVEZAS EXTRA LATA"
"11080801","CERVEZAS SABORES RADLER"
"11080802","CERVEZAS SABORES SHANDY"
"11080803","CERVEZAS OTROS SABORES"
"11080804","CIDERS"
"11081001","CERVEZAS TRADICION ALEMANA"
"11081010","CERVEZAS TRADICION BELGA"
"11081015","CERVEZAS TRADICION CHECA"
"11081020","CERVEZAS TRADICION BRITANICA"
"11081025","CERVEZAS OTRAS TRADICIONES"
"11081030","CERVEZAS ARTESANAS"
"11081035","OTRAS VARIEDADES"
"11100122","C/G COLA REG C/CAF PEQUE"
"11100125","C/G COLA REG C/CAF GRAND"
"11100128","C/G COLA ZERO C/CAF PEQUE"
"11100131","C/G COLA ZERO C/CAF GRAND"
"11100134","C/G COLA REG S/CAF"
"11100137","C/G COLA ZERO S/CAF"
"11100140","C/G COLA SABORES"
"11100310","C/G NARANJA REG PEQUE"
"11100315","C/G NARANJA REG GRAND"
"11100320","C/G NARANJA ZERO"
"11100510","C/G LIMON REG PEQUE"
"11100515","C/G LIMON REG GRAND"
"11100520","C/G LIMON ZERO"
"11100710","C/G RESTO"
"11100810","C/G LIMA REG PEQUE"
"11100815","C/G LIMA REG GRAND"
"11100820","C/G LIMA ZERO"
"11100910","C/G TONICA REG PEQUE"
"11100915","C/G TONICA REG GRAND"
"11100920","C/G TONICA ZERO"
"11101101","C/G BITTER"
"11101102","REFRESCO ADULTO"
"11101310","C/G SODA GASEOSA PEQUE"
"11101315","C/G SODA GASEOSA GRAND"
"11102310","MOSTO"
"11102510","S/G TE LIMON REG"
"11102515","S/G TE LIMON ZERO"
"11102525","S/G TE SABORES"
"11102530","TES ORGANICOS E INFUSIONADOS"
"11103305","ENERGETICO REG"
"11103310","ENERGETICO ZERO"
"11103315","ENERGETICO SABORES"
"11103605","S/G SABOR REG LIMON PEQUE"
"11103610","S/G SABOR REG LIMON GRAND"
"11103615","S/G SABOR ZERO LIMON"
"11103620","S/G SABOR REG NARANJA PEQUE"
"11103625","S/G SABOR REG NARANJA GRAND"
"11103630","S/G SABOR ZERO NARANJA"
"11103635","S/G SABOR RESTO PEQUE"
"11103640","S/G SABOR RESTO GRAND"
"11103905","S/G LIMONADA"
"11104505","ISOTONICO PET"
"11104510","ISOTONICO POLVO"
"11130505","VINO DE MESA TINTO BRIK"
"11130510","VINO DE MESA TINTO BOTELLA"
"11130515","VINO DE MESA TINTO GARRAFA"
"11131005","VINO DE MESA ROSADO BRIK"
"11131010","VINO DE MESA ROSADO BOTELLA"
"11131015","VINO DE MESA ROSADO GARRAFA"
"11131505","VINO DE MESA BLANCO BRIK"
"11131510","VINO DE MESA BLANCO BOTELLA"
"11131515","VINO DE MESA BLANCO GARRAFA"
"11132005","TINTO DE VERANO REGULAR"
"11132010","TINTO DE VERANO 0,0"
"11132505","SANGRIA REGULAR"
"11140523","VINO BLANCO D.O. CATALUNYA"
"11140555","VINO BLANCO D.O. NAVARRA"
"11140557","VINO BLANCO D.O. PENEDES"
"11140562","VINO BLANCO D.O. RIAS BAIXAS"
"11140565","VINO BLANCO OTRAS D.O.GALLEGAS"
"11140566","VINO BLANCO D.O. RIOJA"
"11140567","VINO BLANCO D.O. RUEDA"
"11140568","VINO BLANCO D.O. ARAGONESAS"
"11140571","VINO BLANCO OTRAS DO CATALANAS"
"11140573","VINO BLANCO D.O. TXAKOLI"
"11140576","VINO BLANCO D.O. VALDEPEÑAS"
"11140584","VINO BLANCO OTRAS ZONAS"
"11140745","VINO ROSADO D.O. NAVARRA"
"11140747","VINO ROSADO D.O. CATALANAS"
"11140757","VINO ROSADO D.O. RIOJA"
"11140759","VINO ROSADO D.O. ARAGONESAS"
"11140775","VINO ROSADO D.O. VALDEPEÑAS"
"11140793","VINO ROSADO OTRAS ZONAS"
"11140906","VINO TINTO D.O. BINISSALEM"
"11140909","VINO TINTO OTRAS DO ARAGONESAS"
"11140910","VINO TINTO D.O. CARIÑENA"
"11140914","VINO TINTO D.O. CATALUNYA"
"11140921","VINO TINTO D.O. JUMILLA "
"11140926","V.TINTO D.O. LA MANCHA "
"11140935","VINO TINTO D.O. NAVARRA JOVEN"
"11140936","VINO TINTO D.O.NAVARRA CRIANZA"
"11140937","VINO TINTO DO NAVARRA RVA-GRVA"
"11140947","V.TINTO D.O.RIBERA DUERO JOVEN"
"11140948","V.TTO.D.O.RIBERA DUERO CRIANZA"
"11140949","V.TTO.DO RIBERA DUERO RVA-GRVA"
"11140952","VINO TINTO D.O. RIOJA JOVEN"
"11140953","VINO TINTO D.O. RIOJA CRIANZA"
"11140954","VINO TINTO D.O. RIOJA RVA-GRVA"
"11140956","VINO TINTO D.O.SOMONTANO"
"11140962","VINO TINTO OTRAS DO CATALANAS"
"11140963","VINO TINTO D.O. TORO "
"11140969","VINO TINTO D.O. GALLEGAS"
"11140970","V. TINTO D.O. VALDEPEÑAS JOVEN"
"11140971","V.TINTO D.O.VALDEPEÑAS CRIANZA"
"11140972","V.TINTO DO VALDEPEÑAS RVA-GRVA"
"11140979","V.TINTO VINOS LA TIERRA"
"11140983","VINO TINTO OTRAS ZONAS "
"11141303","MOSCATELES"
"11141310","FINO"
"11141315","MANZANILLA"
"11141325","OPORTO"
"11141390","OTROS GENEROSOS"
"11141398","OTROS DULCES"
"11141605","VINO AGUJA/GASIFICADO BLANCO"
"11141610","VINO AGUJA/GASIFICADO ROSADO"
"11141615","VINO AGUJA/GASIFICADO TINTO"
"11141620","VINO AGUJA/GASIFICADO OTROS"
"11141805","VINO SIN ALCOHOL BLANCO"
"11141815","VINO SIN ALCOHOL TINTO"
"11160101","CHAMPAGNES"
"11160103","OTROS ESPUMOSOS EXTRANJEROS"
"11160301","CAVAS BRUT NATURE"
"11160303","CAVAS BRUT"
"11160305","ESPUMOSOS SIN ALCOHOL"
"11160307","CAVAS SECOS SEMISECOS Y DULCES"
"11160309","CAVAS ROSADOS"
"11160311","CAVAS MEDIANOS Y MINIS"
"11160313","OTROS TIPOS DE ESPUMOSOS"
"11160501","SIDRAS ACHAMPANADAS EXTRA"
"11160503","SIDRAS NATURALES"
"11160510","OTRAS SIDRAS ACHAMPANADAS"
"11180101","ANIS SECO Y DULCE"
"11180303","GINEBRA ESTANDAR"
"11180310","GINEBRA PREMIUM"
"11180320","GINEBRA SABORES"
"11180501","RON BLANCO"
"11180505","RON OSCURO ESTANDAR"
"11180507","RON OSCURO PREMIUM"
"11180705","VODKA SABORES"
"11180710","VODKA ESTANDAR"
"11180715","VODKA PREMIUM"
"11180801","TEQUILA REPOSADO"
"11180805","TEQUILA BLANCO"
"11180901","AGUARDIENTES Y ORUJOS HIERBAS"
"11180910","AGUARDIENTES Y ORUJOS BLANCOS"
"11181101","BEBIDA ESPIRITUOSA"
"11181103","BRANDY"
"11181110","COGNAC Y ARMAGNAC"
"11181303","WHISKY STANDARD"
"11181305","WHISKY PREMIUM"
"11181309","WHISKY AMERICANO"
"11181501","PATXARAN SIN I.G.P."
"11181502","PATXARAN CON I.G.P."
"11181503","PONCHE"
"11181701","LICOR FRUTAS"
"11181715","LICOR BASE WHISKY"
"11181720","LICOR FRUTOS SECOS"
"11181725","LICOR CON CAFE"
"11181901","LICOR SIN ALCOHOL"
"11181907","LICOR BAJO EN ALCOHOL"
"11182315","READY TO SERVE"
"11182320","READY TO DRINK"
"11182501","VERMOUTH ROJO"
"11182503","VERMOUTH BLANCO"
"11182510","VERMOUTH APERITIVOS (AMARGOS)"
"11182805","CREMAS BASE ORUJO"
"11182810","CREMAS BASE WHISKY"
"11182815","CREMAS RESTO"
"12410111","DETERGENTE POLVO HASTA 40"
"12410115","DETERGENTE POLVO MAS DE 40"
"12410311","DET.LIQU.DIARIO-BLANCO HASTA30"
"12410313","DET.LIQU.DIARIO-BLANCO 30 A 40"
"12410315","DET.LIQU.DIARIO-BLANCO MAS 40"
"12410320","COLOR"
"12410330","DET. LIQUIDO DEPORTE"
"12410335","DET. LIQUIDO ECOLOGICO"
"12410340","DET. LIQ. DELICADAS-BEBE"
"12410507","DET.CAP DIARIO-BLANCO HASTA 30"
"12410509","DET.CAP DIARIO-BLANCO MAS 30"
"12410515","COLOR"
"12410520","DET. CAP. RESTO COLADAS"
"12410901","DETERGENTE TABLETAS TABLETAS"
"12411107","D.JABONERIA NATURAL NATURAL"
"12430107","SUAVIZANTES ESTANDAR AZUL"
"12430109","SUAVIZANTES ESTANDAR BLANCO"
"12430115","SUAVIZANTES ESTANDAR RESTO"
"12431505","SUAVIZANTES PREMIUM AZUL"
"12431510","SUAVIZANTES PREMIUM BLANCO"
"12431515","SUAVIZANTES PREMIUM RESTO"
"12450201","C/ APLICADOR TUBO CLASICO"
"12450205","C/ APLICADOR TARRO CLASICO"
"12450209","C/ APLICADOR TARRO NEUTRO"
"12450211","C/ APLICADOR TUBO NEUTRO"
"12450213","C/ APLICADOR ESPONJA CLASICO"
"12450217","C/ APLICADOR ESPONJA NEUTRO"
"12450401","TRATAMIENTO PIEL"
"12450403","TRATAMIENTO DESODORANTE"
"12450407","TRATAMIENTO OTROS"
"12451201","CEPILLOS CALZADO"
"12451401","S/ APLICADOR TINTES"
"12451403","S/ APLICADOR LATA CLASICO"
"12451410","S/ APLICADOR LATA NEUTRO"
"12470307","CON DETERGENTE PEQUEÑA"
"12470309","CON DETERGENTE GRANDE"
"12470701","LAVADORA PEQUEÑA"
"12470703","LAVADORA GRANDE"
"12470901","MULTIUSOS PEQUEÑA"
"12470903","MULTIUSOS GRANDE"
"12500301","LIMPIADOR GENERAL"
"12500303","QUITAGRASAS GENERAL"
"12500305","VITRO INDUCCION BOTELLA"
"12500307","ELECTRODOMESTICOS"
"12500320","VITRO INDUCCION SPRAY"
"12500325","COCINA ECOLOGICO"
"12500501","RESTO SUPERFICIES MULTI BOTELL"
"12500503","RESTO SUPERFICIES ANTICAL"
"12500519","TUBERIAS Y FOSAS DESATASCOS"
"12500521","WC LIMPIADORES PERFUMADOS"
"12500523","WC COLGADORES SOLIDOS UD"
"12500526","RESTO SUPERFICIES MULTI SPRAY"
"12500529","WC LIMPIADORES LEJIA"
"12500532","WC COLGADORES LIQUIDOS"
"12500535","WC COLGADORES DISCOS"
"12500538","WC COLGADORES SOLIDOS DUPLOS"
"12500541","TUBERIAS Y FOSAS MANTENIMIENTO"
"12500544","BAÑO ECOLOGICO"
"12501901","LIMPIAHOGAR GENERAL PERFUMADO"
"12501906","LIMPIAHOGAR TRADICIONAL"
"12501909","FRIEGASUELOS"
"12501912","LIMPIAHOGAR GENERAL BIOALCOHOL"
"12501918","LIMPIAHOGAR GRAL DESINFECCION"
"12501921","LIMPIAHOGAR GENERAL ECOLOGICO"
"12501924","MADERA"
"12501927","TERRAZO Y BALDOSAS"
"12501930","MARMOL Y PARQUET"
"12501935","LIMPIAHOGAR MULTIUSOS SPRAY"
"12502101","MUEBLES LIMPIADOR"
"12502102","CRISTALES"
"12502103","MULTIUSOS SPRAY"
"12502106","JUNTAS"
"12502110","MULTIUSOS TOALLITAS Y OTROS"
"12502115","MUEBLES REPARADOR"
"12502120","ACERO Y METALES"
"12502125","ZONAS ESPECÍFICAS ECOLOGICO"
"12502503","BAÑO MULTISUPERFICIES SPRAY"
"12502506","BAÑO ANTICAL"
"12502509","BAÑO TUBERIAS Y FOSAS"
"12502512","COCINA QUITAGRAS GENERAL"
"12502515","COCINA VITRO INDUCCION"
"12502518","COCINA ELECTRODOMESTICOS"
"12502521","RESTO HOGAR MADERA"
"12502527","ZONAS ESPECIFICAS MUEBLES"
"12502533","ZONAS ESPECIFICAS JUNTAS"
"12502536","ZONAS ESPECIFICAS CRISTALES"
"12502539","ZONAS ESPECIFICAS MULTIUSOS"
"12530212","AUTOMATICOS RECAMBIO UNITARIO"
"12530215","AUTOMATICOS APARATO"
"12530218","AUTOMATICOS RECAMBIO PACK"
"12530221","ELECTRICOS RECAMBIO UNITARIO"
"12530224","ELECTRICOS APARATO"
"12530227","ELECTRICOS RECAMBIO PACK"
"12530230","ANTIHUMEDAD"
"12530233","SOBRES"
"12530236","VARITAS"
"12530239","VELAS"
"12530242","GELES/LIQUIDOS DECORATIVOS"
"12530245","GELES/LIQUIDOS BASICOS"
"12530248","COCHE PINZA"
"12530251","COCHE COLGANTE"
"12531505","INSTANTANEOS MINISPRAYS"
"12531510","INSTANTANEOS AEROSOLES SPRAY"
"12531515","INSTANTANEOS AEROSOLES PISTOLA"
"12550101","VOLADORES ELECTRICO LIQUIDO"
"12550103","VOLADORES ELECTRICO PASTILLAS"
"12550107","VOLADORES AEROSOL"
"12550115","VOLADORES OTROS"
"12550301","NO VOLADORES AEROSOL"
"12550303","NO VOLADORES TRAMPAS"
"12550307","NO VOLADORES OTROS"
"12550310","NO VOLADORES RATICIDAS"
"12550511","ANTIPOLILLAS NO COLGAR"
"12550513","ANTIPOLILLAS COLGAR"
"12570101","MANO DILUIDO"
"12570125","CONCENTRADO VERDE MAS 1000"
"12570130","CONCENTRADO ECOLOGICO"
"12570135","CONCENTRADO LIMON"
"12570140","CONCENTRADO VERDE HASTA 1000ML"
"12570145","CONCENTRADO OTROS HASTA 750ML"
"12570155","CONCENTRADO OTROS MAS DE 750ML"
"12570301","MAQUINA POLVO"
"12570307","MAQUINA ADITIVOS ABRILLANTADOR"
"12570309","MAQUINA ADITIVOS SAL"
"12570313","MAQUINA ADITIVOS AMBIENTADOR"
"12570316","LIQUIDO MENOS 50 DOSIS"
"12570319","LIQUIDO DESDE 50 DOSIS"
"12570322","ADITIVOS LIMPIAMAQUINA"
"12570325","ECOLOGICO"
"12570328","MONODOSIS PREMIUM HASTA 30"
"12570331","MONODOSIS NORMAL HASTA 30"
"12570334","MONODOSIS NORMAL DE 31 A 50"
"12570337","MONODOSIS NORMAL MAS DE 50"
"12570340","MONODOSISPREMIUM MAS DE 30"
"12590101","RECAMBIO FREGONA HILO MF"
"12590105","RECAMBIO FREGONA TIRAS MF"
"12590109","RECAMBIO FREGONA TIRAS SINTE."
"12590111","RECAMBIO FREGONA OTROS"
"12590113","FREGONAS JUEGO COMPLETO"
"12590115","CUBOS"
"12590311","MOPAS RECAMBIOS"
"12590313","MOPAS JUEGO COMPLETO"
"12590501","ESTROPAJOS FIBRA VERDE"
"12590503","ESTROPAJOS FIBRA AZUL"
"12590509","ESTROPAJOS BAÑO"
"12590511","ESTROPAJOS INOX"
"12590514","ESTROPAJOS OTROS"
"12590515","ESTROPAJOS SOLO FIBRA"
"12590516","SALVAUÑAS VERDE"
"12590517","SALVAUÑAS AZUL"
"12590701","BAYETA COCINA, BAÑO, CRISTALES Y ESPEJOS"
"12590703","BAYETA MUEBLES Y POLVO"
"12590705","BAYETA MULTIUSOS SINTÉTICA"
"12590707","BAYETA MULTIUSOS MICROFIBRA"
"12590711","BAYETA POSAVAJILLAS"
"12590725","BAYETAS OTROS"
"12591301","PLUMERO COMPLETO"
"12591303","RECAMBIO PLUMERO"
"12591501","ESCOBA COMPLETA"
"12591503","RECAMBIO ESCOBA"
"12591505","RECOGEDORES Y PALAS"
"12591603","PALOS 140CM"
"12591605","PALOS OTROS"
"12592005","CEPILLOS"
"12592305","PALANGANAS Y BARREÑOS"
"12592605","G. REUTILIZABLES ESPECIALES"
"12592610","G. REUTILIZABLES BASICOS T-P"
"12592615","G. REUTILIZABLES BASICOS T-M"
"12592620","G. REUTILIZABLES BASICOS T-G"
"12592625","GUANTES DESECHABLES T-P"
"12592630","GUANTES DESECHABLES T-M"
"12592635","GUANTES DESECHABLES T-G"
"12592905","LIMPIACRISTALES"
"12592910","SUJETAPALOS"
"12592915","QUITAPELUSAS"
"12592920","OTROS UTILES LIMPIEZA"
"12610101","ALUMINIO"
"12610201","PAPEL DE HORNO ROLLO"
"12610202","PAPEL DE HORNO HOJAS"
"12610301","FILM"
"12650101","P.H. SECO BASICO 2C NORMAL"
"12650103","P.H. SECO BASICO 2C LARGO"
"12650105","P.H.SECO CUIDADO 3C O MAS NORM"
"12650501","P.H. HUMEDO ADULTO NORMAL"
"12650503","P.H. HUMEDO JUNIOR NORMAL"
"12670109","ROLLO COCINA NORMAL"
"12670111","ROLLO COCINA LARGO"
"12670113","ROLLO COCINA ESPECIAL"
"12670115","ROLLO COCINA GIGANTE"
"12670301","SERVILLETA NORMAL"
"12670302","SERVILLETA ESPECIAL"
"12670304","SERVILLETA EVENTOS"
"12690701","PAÑUELOS BASICOS"
"12690703","PAÑUELOS CUIDADO"
"12690710","PAÑUELOS INFANTILES/DECORADOS"
"12691101","FACIALES BASICOS"
"12691103","FACIALES CUIDADO"
"12691110","FACIALES INFANTILES/DECORADOS"
"12710101","BOLSAS DE BASURA 10L Y MINIS"
"12710201","BOLSAS DE BASURA 20L MULTIUSOS"
"12710301","BOLSAS DE BASURA 30L MULTIUSOS"
"12710302","BOLSAS DE BASURA 30L PERFUMADA"
"12710305","BOLSAS DE BASURA 30L RECICLAJE"
"12710401","BOLSAS DE BASURA 50L"
"12710701","BOLSAS DE BASURA 100L"
"12740505","ANTICAL POLVO"
"12740510","ANTICAL LIQUIDO"
"12740515","LIMPIAMAQUINAS"
"12741005","COLOR"
"12741010","BLANCO"
"12741505","AGUA DESTILADA"
"12741510","VARIOS"
"12742005","ESPECIFICOS"
"12742010","PRE LAVADO SECO"
"12742015","PRE LAVADO LIQUIDO"
"12742020","LAVADO BLANCO LIQUIDO"
"12742025","LAVADO BLANCO POLVO"
"12742030","LAVADO COLOR LIQUIDO"
"12742035","LAVADO COLOR POLVO"
"12742040","DESINFECCION"
"12742505","DESTEÑIDOS"
"12742510","TINTES"
"12770505","BOLSAS DE CONSERVACION"
"12770510","BOLSAS DE CONGELACION"
"12770515","BOLSAS OTRAS"
"12771005","PALILLOS Y BROCHETAS"
"12771505","FILTROS DE CAFETERA"
"12772005","FOSFOROS Y ENCENDEDORES"
"12772505","MOLDES"
"13490101","CHAMPU ACABADO BRILLO"
"13490103","CHAMPU ACABADO LISO"
"13490105","CHAMPU ACABADO RIZOS"
"13490107","CHAMPU ACABADO VOLUMEN"
"13490111","CHAMPU CABELLO DAÑADO"
"13490113","CHAMPU CABELLO TEÑIDO"
"13490115","CHAMPU CABELLO GRASO"
"13490117","CHAMPU CABELLO NORMAL"
"13490119","CHAMPU CABELLO SECO"
"13490121","CHAMPU FAMILIAR"
"13490123","CHAMPU INFANTIL"
"13490125","CHAMPU HOMBRE"
"13490130","CHAMPU CABELLO SENSIBLE"
"13490133","CHAMPU LIMPIEZA EN SECO"
"13490136","CHAMPU TRATAMIENTO ANTICAIDA"
"13490139","CHAMPU TRATA.ANTICA.CAB.DAÑADO"
"13490142","CHAMPU TRATA.ANTICA.CAB.GRASO"
"13490145","CHAMPU TRATA.ANTICA.CAB.NORMAL"
"13490148","CHAMPU TRATA.ANTICA.CAB.SECO"
"13490151","CHAMPU TRATA.ANTICA.CAB.SENSI."
"13490154","CHAMPU TRATAMIENTO ANTIEDAD"
"13490301","ACONDICIONADOR ACABADO BRILLO"
"13490303","ACONDICIONADOR ACABADO LISO"
"13490305","ACONDICIONADOR ACABADO RIZOS"
"13490307","ACONDICIONADOR ACABADO VOLUMEN"
"13490311","ACONDICIONADOR CABELLO DAÑADO"
"13490313","ACONDICIONADOR CABELLO TEÑIDO"
"13490315","ACONDICIONADOR CABELLO GRASO"
"13490317","ACONDICIONADOR CABELLO NORMAL"
"13490319","ACONDICIONADOR CABELLO SECO"
"13490323","ACONDICIONADOR INFANTIL"
"13490330","ACONDICIONA.CABELLO SENSIBLE"
"13490333","ACONDICIONA.TRATAMIE.ANTICAIDA"
"13490336","ACONDICIONA.TRATAMIE.ANTIEDAD"
"13490501","MASCARILLA ACABADO BRILLO"
"13490503","MASCARILLA ACABADO LISO"
"13490505","MASCARILLA ACABADO RIZOS"
"13490507","MASCARILLA ACABADO VOLUMEN"
"13490511","MASCARILLA CABELLO DAÑADO"
"13490513","MASCARILLA CABELLO TEÑIDO"
"13490517","MASCARILLA CABELLO NORMAL"
"13490519","MASCARILLA CABELLO SECO"
"13490527","MASCARILLA CABELLO SENSIBLE"
"13490530","MASCARILLA TRATAMIE.ANTICAIDA"
"13490536","MASCARILLA TRATAMIE.ANTIEDAD"
"13491210","SERUM ACABADO LISO"
"13491215","SERUM ACABADO DAÑADO"
"13491505","CREMA ACABADO LISO"
"13491510","CREMA ACABADO RIZOS"
"13491520","CREMA CABELLO DAÑADO"
"13491525","CREMA CABELLO SECO"
"13491805","SPRAY ACABADO BRILLO"
"13491810","SPRAY ACABADO RIZOS"
"13491820","SPRAY CABELLO DAÑADO"
"13492105","ACEITE CABELLO DAÑADO"
"13492110","ACEITE CABELLO SECO"
"13492410","LOCION CABELLO DAÑADO"
"13492415","LOCION CABELLO SECO"
"13492425","LOCION TRATAMIENTO ANTICAIDA"
"13492435","LOCION TRATAMIENTO ANTIEDAD"
"13492705","AMPOLLAS CABELLO DAÑADO"
"13492710","AMPOLLAS TRATAMIENTO ANTICAIDA"
"13493005","PROTECTOR TERMICO CAB.DAÑADO"
"13493305","OTROS USOS CABELLO LISO"
"13510101","LACA ACABADO EXTRAFUERTE"
"13510103","LACA ACABADO FUERTE"
"13510105","LACA ACABADO LISO"
"13510107","LACA ACABADO NORMAL"
"13510109","LACA ACABADO RIZOS"
"13510111","LACA ACABADO TEÑIDOS"
"13510113","LACA ACABADO VOLUMEN"
"13510301","ESPUMA ACABADO EXTRAFUERTE"
"13510305","ESPUMA ACABADO LISO"
"13510311","ESPUMA ACABADO RIZOS"
"13510315","ESPUMA ACABADO VOLUMEN"
"13510501","GEL ACABADO EXTRAFUERTE"
"13510503","GEL ACABADO FUERTE"
"13510505","GEL ACABADO HÚMEDO"
"13510507","GEL ACABADO EXTREMO"
"13511005","CERA ACABADO MATE"
"13511010","CERA ACABADO BRILLO"
"13511505","CREMA ACABADO DESPEINADO"
"13511510","CREMA ACABADO RIZOS"
"13511515","CREMA ACABADO TUPE"
"13512005","AGUA DE PEINADO ACABADO RIZOS"
"13512505","VARIOS"
"13520101","ACEITES"
"13520301","COLONIAS"
"13520501","CREMAS PROTECTORAS"
"13520701","CUIDADO CAPILAR"
"13520901","CUIDADOS BEBE"
"13521501","GELES Y JABONES"
"13521701","LOCIONES Y CREMAS HIDRATANTES"
"13522101","TALCO"
"13522301","CUIDADO MATERNO"
"13522302","LACTANCIA"
"13530101","COLORACIÓN PERMANENTE CAOBAS-ROJIZOS"
"13530105","COLORACIÓN PERMANENTE NEGROS"
"13530115","COLORACION PERM. CASTAÑO OSCUR"
"13530120","COLORACION PERM. CASTAÑO MEDIO"
"13530125","COLORACION PERM. CASTAÑO CLARO"
"13530130","COLORACION PERMAN.RUBIO OSCURO"
"13530135","COLORACION PERMAN.RUBIO MEDIO"
"13530140","COLORACION PERMAN.RUBIO CLARO"
"13530145","COLORACION PERMAN.MUY CLARO"
"13530303","COLORACION SEMIPER.CASTAÑOS"
"13530305","COLORACION SEMIPER.NEGROS"
"13530307","COLORACION SEMIPER.RUBIOS"
"13530501","COLORACIÓN NO PERMANENTE CAOBAS-ROJIZOS"
"13530507","COLORACIÓN NO PERMANENTE RUBIOS"
"13530701","ACLARANTES"
"13530703","DECOLORANTES"
"13530705","MECHAS"
"13530715","QUITAMANCHAS"
"13530720","UTILES"
"13530901","COLORACIÓN PERMANENTE SIN AMONIACO CAOBAS-ROJIZOS"
"13530903","COLORACIÓN PERMANENTE SIN AMONIACO CASTAÑOS"
"13530905","COLORACIÓN PERMANENTE SIN AMONIACO NEGROS"
"13530907","COLORACIÓN PERMANENTE SIN AMONIACO RUBIOS"
"13531505","COLORACION MASCULINA NEGROS"
"13531510","COLORACION MASCULINA CASTAÑOS"
"13532005","RETOCA RAICES CAOBAS-ROJIZOS"
"13532010","RETOCA RAICES CASTAÑOS"
"13532015","RETOCA RAICES NEGROS"
"13532020","RETOCA RAICES RUBIOS"
"13550110","UTILES CABE.ADULTO CEP.ESQUELE"
"13550113","UTILES CABE.ADULTO CEP.NEUMATI"
"13550116","UTILES CABE.ADULTO CEP.TERMICO"
"13550119","UTILES CABE.ADULTO CEP.RAQUETA"
"13550122","UTILES CABE.ADULTO CEP.REDONDO"
"13550125","UTILES CAB.ADUL.PEINE FAMILIAR"
"13550128","UTILES CAB.ADULTO PEINE MECHAS"
"13550131","UTILES CAB.ADULTO PEINE RIZOS"
"13550134","UTILES CAB.ADUL.PEINE ESCARPID"
"13550137","UTILES CAB.ADUL-PEINE AHUECADO"
"13550140","UTILES CABELLO ADULTO RULOS"
"13550143","UTILES CABELLO ADULTO VARIOS"
"13550301","UTILES CABELLO INFANT.CEPILLOS"
"13550303","UTILES CABELLO INFANT.PEINES"
"13551505","ACCESORIOS CAB.ADUL.HORQUILLAS"
"13551510","ACCESORIOS CAB.ADULTO CINTAS"
"13551515","ACCESORIOS CAB.ADULTO COLETERO"
"13551525","ACCESORIOS CAB.ADULTO GOMAS"
"13551530","ACCESORIOS CAB.ADULTO PASADOR"
"13551535","ACCESORIOS CAB.ADULTO PINZAS"
"13551540","ACCESORIOS CAB.ADULTO RANAS"
"13551545","ACCESORIOS CABELLO ADULTO CLIC"
"13552010","ACCESORIOS CAB.INFANT.DIADEMA"
"13552030","ACCESORIOS CAB.INFANTIL RANAS"
"13552035","ACCESORIOS CAB.INFAN.COLETEROS"
"13552040","ACCESORIOS CAB.INFANTIL GOMAS"
"13561005","CUIDADO FACIAL"
"13561010","LIMPIEZA FACIAL"
"13561505","CHAMPU"
"13562010","GELES"
"13562015","JABONES DE MANOS"
"13562505","DESODORANTES FEMENINOS/UNISEX"
"13563005","LOCIONES, CREMAS, ACEITES"
"13563010","CUIDADO MANOS"
"13580505","GEL FAMILIAR CUIDADO"
"13580510","GEL FAMILIAR FRAGANCIA"
"13580515","GEL FAMILIAR SALUD"
"13580525","GEL FAMILIAR MENOS INGREDIENTE"
"13581005","GEL FEMENINO CUIDADO"
"13581010","GEL FEMENINO FRAGANCIA"
"13581510","GEL INFANTIL CUIDADO"
"13582005","GEL MASCULINO CUIDADO"
"13582010","GEL MASCULINO FRAGANCIA"
"13582505","FORMATO PETACA CUIDADO"
"13600505","DEO SPRAY PROTECCION"
"13600510","DEO SPRAY CUIDADO"
"13600515","DEO SPRAY ANTI MANCHAS"
"13600520","DEO SPRAY FRESCOR/FRAGANCIA"
"13601005","DEO ROLL ON PROTECCION"
"13601010","DEO ROLL ON CUIDADO"
"13601015","DEO ROLL ON ANTI MANCHAS"
"13601020","DEO ROLL ON FRESCOR/FRAGANCIA"
"13601025","DEO ROLL ON MENOS INGREDIENTES"
"13601505","DEO STICK PROTECCION"
"13601510","DEO STICK FRESCOR/FRAGANCIA"
"13610505","ESPONJA SINTETICA"
"13610510","ESPONJA TRATAMIENTO"
"13610515","ESPONJA NATURAL"
"13610520","ESPONJA DESECHABLE"
"13610525","ESPONJA INFANTIL"
"13611005","UTILES VARIOS"
"13611505","NECESER FEMENINO"
"13611510","NECESER MASCULINO"
"13611515","NECECER UNISEX"
"13620505","DEO SPRAY PROTECCION"
"13620510","DEO SPRAY CUIDADO"
"13620515","DEO SPRAY ANTI MANCHAS"
"13620520","DEO SPRAY FRESCOR/FRAGANCIA"
"13620525","DEO SPRAY MENOS INGREDIENTES"
"13621005","DEO ROLL ON PROTECCION"
"13621010","DEO ROLL ON CUIDADO"
"13621015","DEO ROLL ON ANTI MANCHAS"
"13621020","DEO ROLL ON FRESCOR/FRAGANCIA"
"13621025","DEO ROLL ON MENOS INGREDIENTES"
"13621505","DEO STICK PROTECCION"
"13621510","DEO STICK CUIDADO"
"13621515","DEO STICK FRESCOR/FRAGANCIA"
"13621525","DEO STICK MENOS INGREDIENTES"
"13622005","DEO CREMA CUIDADO"
"13622505","DEO FEMENINOS/UNISEX VARIOS"
"13630301","FAMILIAR"
"13630505","BODY SPLASH"
"13640505","JABON MANOS LIQUIDO CUIDADO"
"13640510","JABON MANOS LIQUIDO FRAGANCIA"
"13640515","JABON MANOS LIQUIDO INFANTIL"
"13641005","JABON MANOS PASTILLA CUIDADO"
"13641010","JABON MANOS PASTILLA FRAGANCIA"
"13641505","TOALLITAS"
"13642005","JABON MANOS VARIOS"
"13650101","FRAGANCIAS FEMENINAS REGULAR"
"13650103","FRAGANCIAS FEMENINAS ESTUCHE"
"13650501","FRAGANCIAS INFANTILES REGULAR"
"13660505","COLONIAS FRESCAS"
"13661005","LIMPIEZA"
"13661505","CHAMPU"
"13661510","ACONDICIONADOR"
"13661515","MASCARILLA"
"13662005","ESPUMA"
"13662010","LACA"
"13662015","GEL FIJADOR"
"13662505","GELES"
"13663005","DESODORANTES FEMENINOS"
"13663010","DESODORANTES MASCULINOS"
"13663505","LOCIONES Y CREMAS"
"13663510","CREMA DE MANOS"
"13664010","PROTECCION MEDIA"
"13664020","AFTERSUN"
"13664505","PRODUCTOS PREAFEITADO"
"13665015","LOTES"
"13665505","ASEO INTIMO"
"13666020","CHAMPU BEBE"
"13666510","CUIDADO MASCULINO"
"13667005","VARIOS"
"13671505","DISCOS DESMAQUILLANTES"
"13671510","TOALLITAS DESMAQUILLANTES"
"13671515","ACCESORIOS"
"13672005","GEL/JABON"
"13672010","LECHE/LOCION LIMPIADORA"
"13672015","TONICO LIMPIADOR"
"13672020","AGUA MICELAR"
"13672025","GEL EXFOLIANTE"
"13672030","DESMAQUILLANTE OJOS"
"13672035","MASCARILLA"
"13672503","CREMA DIA HIDRATANTE"
"13672506","CREMA DIA ANTIEDAD"
"13672509","CREMA DIA MANCHAS"
"13672512","CREMA BB/CC"
"13672515","CREMA NOCHE HIDRATANTE"
"13672518","CREMA NOCHE ANTIEDAD"
"13672521","CREMA NOCHE MANCHAS"
"13672524","SERUM HIDRATANTE"
"13672527","SERUM ANTIEDAD"
"13672530","SERUM ANTIMANCHAS"
"13672533","CONTORNO OJOS"
"13672536","MASCARILLA"
"13672539","PRODUCTOS FLASH"
"13680505","FRAGANCIAS MASCULINAS REGULAR"
"13680510","FRAGANCIAS MASCULINAS ESTUCHE"
"13690101","COLORETE"
"13690103","CORRECTORES"
"13690105","FONDO DE MAQUILLAJE"
"13690107","POLVOS"
"13690301","MÁSCARAS"
"13690303","PERFILADORES"
"13690305","SOMBRA"
"13690307","CEJAS"
"13690501","BARRA"
"13690503","BRILLO"
"13690505","PERFILADORES"
"13690701","LACA"
"13690703","TRATAMIENTO"
"13690901","ACCESORIOS DE MAQUILLAJE"
"13691101","ESTUCHES MAQUILLAJE"
"13720503","CREMAS TODO USO"
"13720506","CREMAS PIELES SECAS"
"13720509","CREMAS PERFUMADAS"
"13720512","LOCIONES ESENCIALES"
"13720515","LOCIONES PIELES SECAS"
"13720518","LOCIONES PIELES ATOPICAS"
"13720521","LOCIONES PERFUMADAS"
"13720524","LOCIONES REAFIRMANTES"
"13720527","GELES HIDRATANTES"
"13720530","ACONDICIONADORES DUCHA"
"13720533","ACEITES"
"13720536","MOUSSE HIDRATANTE"
"13721005","AUTOBRONCEADORES"
"13721505","CUIDADO LABIOS HIDRATACION"
"13721510","CUIDADO LABIOS OTROS"
"13722005","CUIDADO MANOS HIDRATACION"
"13722010","CUIDADO MANOS TRATAMIENTO"
"13722505","CUIDADO PIES HIDRATACION"
"13722510","CUIDADO PIES TRATAMIENTO"
"13722515","CUIDADO PIES DESODORANTES"
"13722520","CUIDADO PIES OTROS"
"13723005","ACCESORIOS FACIAL"
"13723010","ACCESORIOS LIMAS"
"13723015","ACCESORIOS TIJERAS Y ALICATES"
"13723020","OTROS ACCESORIOS"
"13723505","QUITAESMALTES"
"13724005","ANTICELULITICO"
"13724015","EXFOLIANTES"
"13724020","OTROS"
"13751003","MAQUINAS DE DEPILACION"
"13751009","CARGADORES"
"13751015","MAQUINILLAS DESECHABLES"
"13751021","QUIMICOS"
"13751027","QUIMICOS PIEL SENSIBLE"
"13751033","QUIMICOS FACIAL"
"13751505","BANDAS CUERPO"
"13751510","BANDAS CUERPO PIEL SENSIBLE"
"13751515","BANDAS FACIALES"
"13751520","BANDAS FACIALES PIEL SENSIBLE"
"13751525","CERA"
"13751530","CERA FACIAL"
"13752010","GELES Y ESPUMAS"
"13752505","MAQUINILLAS HOMBRE"
"13752510","QUIMICOS HOMBRE"
"13753005","DECOLORACION"
"13770501","PROTECCION ALTA ACEITE"
"13770505","PROTECCION ALTA LOCION"
"13770509","PROTECCION ALTA SPRAY"
"13770605","FACIAL LABIAL"
"13770610","FACIAL CON COLOR"
"13770625","FACIAL ALTA"
"13770630","FACIAL MUY ALTA"
"13770720","NIÑOS ALTA SPRAY"
"13770725","NIÑOS ALTA BRUMA"
"13770735","NIÑOS MUY ALTA SPRAY"
"13771115","LOCION AFTERSUN"
"13771303","TOALLITA AUTOBRONCEADORA"
"13771335","LOCION Y GEL AUTOBRONCEADORA"
"13771410","PROTECCION MUY ALTA LOCION"
"13771415","PROTECCION MUY ALTA SPRAY"
"13790110","MAQUINAS AFEITAR 3 HOJAS"
"13790120","MAQUINAS AFEITAR 5 HOJAS"
"13790310","CARGADORES AFEITAR 2 HOJAS"
"13790315","CARGADORES AFEITAR 3 HOJAS"
"13790320","CARGADORES AFEITAR 4 HOJAS"
"13790325","CARGADORES AFEITAR 5 HOJAS"
"13790330","CARGADORES AFEITAR VARIOS"
"13790510","MAQUINILLAS DESECHAB. 2 HOJAS"
"13790515","MAQUINILLAS DESECHAB. 3 HOJAS"
"13790520","MAQUINILLAS DESECHAB. 4 HOJAS"
"13790525","MAQUINILLAS DESECHAB. 5 HOJAS"
"13790530","MAQUINILLAS DESECHAB. VARIOS"
"13791605","PR. PREAF. BARRA-CREMA-BROCHA"
"13791610","PRODUCTOS PREAFEITADO ESPUMA"
"13791615","PRODUCTOS PREAFEITADO GEL"
"13791905","POSTAFEITADO AFTER S BALSAMO"
"13791915","POSTAFEITADO AFTER S LOCION"
"13792205","HIDRATACION HOMBRE"
"13792210","LIMPIEZA HOMBRE"
"13792505","CUIDADO FACIAL BASICO"
"13792510","CUIDADO FACIAL ANTIARRUGAS"
"13792515","CUIDADO FACIAL BARBA"
"13820101","CEPILLOS MANUALES AVANZADOS"
"13820103","CEPILLOS MANUALES BASICOS"
"13820109","CEP DENTAL PILAS Y ELECTRICO"
"13820115","CEPILLOS DENTALES VARIOS"
"13820120","CEPILLOS MANUAL BLANQUEADOR"
"13820125","CEP DIENTES/ENCIAS SENSIBLES"
"13820130","RECAMBIO CEP ELECTRICO/PILAS"
"13820301","DENTÍFRICOS EFECTO BLANQUEADOR"
"13820303","DENTIFR.ESMALTE/ENCIAS SENSIB."
"13820305","DENTÍFRICOS FRESCOR"
"13820309","DENTIFRICOS PROTECCION BASICA"
"13820311","DENTIFRICOS SENSIBILIDAD"
"13820315","DENTIFRICO PROTECCION AVANZADA"
"13820320","DENTIFRICOS  2 EN 1"
"13820501","ENJUAGUES EFECTO BLANQUEADOR"
"13820503","ENJUAG. ESMALTE/ENCIAS DELICA."
"13820505","ENJUAGUES FRESCOR"
"13820509","ENJUAGUES  PROTECCION BASICA"
"13820511","ENJUAGUES  SENSIBILIDAD"
"13820512","ENJUAGUES  PROTECCION AVANZADA"
"13820513","ENJUAGUES VARIOS"
"13820701","PRODUCTOS FIJACION"
"13820703","PRODUCTOS LIMPIEZA"
"13820704","CEPILLOS ORTODONCIA"
"13820901","PRODUCTO INTERDENTAL-SEDAS"
"13820904","PRODUCTO INTERDENTAL-CEPILLOS"
"13821505","CEPILLOS MANUALES NIÑOS"
"13821510","DENTIFRICOS 2EN1 NIÑOS"
"13821515","DENTIFRICOS NIÑOS"
"13821520","ENJUAGUES NIÑOS"
"13821525","VARIOS NIÑOS"
"13830115","COMPRESA ULTRA NORMAL"
"13830120","COMPRESA ULTRA SUPER NOCHE"
"13830125","COMPRESA GRUESA"
"13830320","PROTEGE SLIPS NORMAL"
"13830325","PROTEGE SLIPS MAXI"
"13830330","PROTEGE SLIPS VARIOS"
"13830515","TAMPONES APLICADOR CARTON"
"13830520","TAMPONES APLICADOR PLASTICO"
"13830525","TAMPONES APLIC PLASTIC COMPACT"
"13830530","TAMPONES DIGITALES"
"13830710","GELES Y MOUSSES INTIMOS"
"13830715","TOALLITAS INTIMAS"
"13831505","VARIOS"
"13851005","COMPRESAS"
"13851010","PROTEGE SLPS"
"13851505","BRAGAPAÑALES PANTS"
"13852505","PROTEGECAMAS/TOALLITAS"
"13873703","HIGIENE FACIAL  PIEL GRASA"
"13873706","HIGIENE FACIAL  TODO TIPO PIEL"
"13873709","HIGIENE FACIAL  PIEL SECA"
"13873712","HIGIENE FACIAL PIEL SENSIBLE"
"13873715","HIGIENE FACIAL  PIEL REACTIVA"
"13873718","HIGIENE FACIAL PIEL INTOLERANT"
"13873724","CUIDADO FACIAL PIEL GRASA"
"13873730","CUIDADO FACIAL TODO TIPO PIEL"
"13873733","CUIDADO FACIAL PIEL SECA"
"13873736","CUIDADO FACIAL PIEL SENSIBLE"
"13873739","CUIDADO FACIAL PIEL REACTIVA"
"13873742","CUIDADO FACIAL PIEL INTOLERANT"
"13873745","CUIDADO FACIAL ANTIEDAD"
"13873748","CUIDADO FACIAL DESPIGMENTANTES"
"13873751","CUIDADO FACIAL OTROS"
"13873766","MAQUILLAJE PIEL SENSIBLE"
"13873769","MAQUILLAJE PIEL INTOLERANTE"
"13873905","CUIDADO FACIAL HOMBRE"
"13873920","DESODORANTES HOMBRE"
"13874102","HIGIENE CUERPO TODO TIPO PIEL"
"13874104","HIGIENE CUERPO PIEL SECA"
"13874106","HIGIENE CUERPO PIEL SENSIBLE"
"13874108","HIGIENE CUERPO ATOPIA"
"13874112","HIDRAT CUERPO TODO TIPO PIEL"
"13874114","HIDRAT CUERPO PIEL SECA"
"13874116","HIDRAT CUERPO PIEL SENSIBLE"
"13874118","HIDRAT CUERPO ATOPIA"
"13874122","TRATAMIENTO CUERPO PIEL SECA"
"13874124","TRATAMIENTO CUERPO PIEL DAÑADA"
"13874126","TRATAMIENTO CUERPO ATOPIA"
"13874128","TRATAMIENTO CUERPO ANTIESTRIAS"
"13874130","TRATAMIENTO REAFIRMANTE"
"13874132","REDUCTORES Y ANTICELULITICOS"
"13874134","TRATAMIENTO CUERPO OTROS"
"13874138","DESODORANTES TODO TIPO PIEL"
"13874140","DESODORANTES PIEL SENSIBLE"
"13874142","DESODORANTES HIPERHIDROSIS"
"13874144","DESODORANTES OTROS"
"13874146","CUIDADO LABIOS HIDRATACION"
"13874148","CUIDADO LABIOS TRATAMIENTO"
"13874152","HIDRATACION MANOS"
"13874154","HIDRATACION MANOS MUY SECAS"
"13874156","TRATAMIENTO MANOS REPARACION"
"13874158","TRATAMIENTO MANOS ANTIEDAD"
"13874160","CUIDADO MANOS OTROS"
"13874164","HIDRATACION PIE"
"13874168","DESODORANTES Y ANTITRANSPI PIE"
"13874310","PROTECCION LABIAL"
"13874330","PROTECCION MUY ALTA (+50)"
"13874335","PRODUCTOS SOLARES INFANTILES"
"13874340","PRODUCTOS AFTERSUN"
"13874342","PROTECCION SOLAR FACIAL"
"13874705","CUIDADO CAPILAR USO FRECUENTE"
"13874710","CUIDADO CAPILAR CABELLO GRASO"
"13874715","CUIDADO CAPILAR CABELLO SECO"
"13874720","CUIDADO CAPILAR CABELLO FRAGIL"
"13874725","CUIDADO CAPILAR CABELLO FINO"
"13874730","CUIDADO CAPILAR COLORACION"
"13874735","CUIDADO CAPILAR ANTICAIDA"
"13874740","CUIDADO CAPILAR CUERO SENSIBLE"
"13874745","CUIDADO CAPILAR DESCAMACION"
"13874750","CUIDADO CAPILAR OTROS"
"13874905","HIGIENE INTIMA GELES"
"13874910","HIGIENE INTIMA TOALLITAS"
"13874915","CUIDADO INTIMO HIDRATACION"
"13875110","POSTPARTO"
"13875305","PRESERVATIVOS NATURALES"
"13875310","PRESERVATIVOS SENSITIVOS"
"13875315","PRESERVATIVOS SENSACIONES"
"13875320","PRESERVATIVOS PERFORMANCE"
"13875325","LUBRICANTES NATURALES"
"13875330","LUBRICANTES VARIEDADES"
"13875335","LUBRICANTES MASAJE"
"13875503","INFANTIL CEPILLOS"
"13875506","INFANTIL DENTIFRICOS"
"13875509","INFANTIL COLUTORIOS"
"13875512","INFANTIL KIT VIAJE"
"13875515","CEPILLOS MANUALES"
"13875518","CEPILLOS MANUALES BLANQUEADOR"
"13875521","CEPILLOS MANUALES ESPECIALES"
"13875524","CEPILLOS INTERDENTALES"
"13875533","DENTIFRICOS PROTECCION"
"13875536","DENTIFRICOS BLANQUEADORES"
"13875539","DENTIFRICOS GINGIVALES"
"13875542","DENTIFRICOS SENSIBILIDAD DENT"
"13875545","DENTIFRICOS FRESCOR, SEQUEDAD"
"13875548","DENTIFRICOS ORTODONCIA Y OTROS"
"13875551","COLUTORIOS PROTECCION"
"13875554","COLUTORIOS BLANQUEADORES"
"13875557","COLUTORIOS GINGIVALES"
"13875560","COLUTORIOS SENSIBILIDAD DENT"
"13875563","COLUTORIOS FRESCOR, SEQUEDAD"
"13875569","PROTESIS DENTALES LIMPIEZA"
"13875572","PROTESIS DENTALES FIJACION"
"13875575","KIT VIAJE ADULTO"
"13875578","SEDAS, HILO, CINTA Y CERAS"
"13875584","SPRAYS Y OTROS"
"13875705","DERMOCOSMETICA INFANTIL BAÑO"
"13875710","CUIDADO DIARIO DEL BEBE"
"13875715","TOALLITAS"
"13875720","CREMAS Y PASTAS CAMBIO PAÑAL"
"13875725","HIDRATACION INFANTIL"
"13875765","DERMOCOSMETICA INFANTIL OTROS"
"13875903","LECHES ETAPA 1"
"13875906","LECHES ETAPA 2"
"13875909","LECHES ETAPA 3"
"13875912","LECHES ESPECIALES"
"13875915","CEREALES SIN GLUTEN"
"13875918","CEREALES"
"13875921","CEREALES INTEGRALES"
"13875924","CEREALES AFECCIONES LEVES"
"13875927","GALLETAS"
"13875930","TARRITOS MENUS"
"13875933","TARRITOS POSTRES"
"13875948","ALIMENTACION INFANTIL OTROS"
"13876106","LACTANCIA ACCESORIOS"
"13876112","BIBERONES FANTASIA"
"13876121","TETINAS LATEX"
"13876151","ACCESORIOS ASEO Y BAÑO"
"13876157","PUERICULTURA OTROS"
"13876303","VITAMINAS Y MINERALES"
"13876312","JALEA REAL Y PROPOLIS"
"13876318","COMP NUTRICIONALES MENOPAUSIA"
"13876321","COMP NUTRICIONALES MEMORIA"
"13876324","COMP NUTRICIONALES ANTICAIDA"
"13876330","COMP NUTRICIONALES SENIORS"
"13876333","COMP NUTRICIONALES DEPORTE"
"13876336","COMP NUTRICIONALES INFANCIA"
"13876339","COMP NUTRICIONALES OTROS"
"13876505","CONFITERIA"
"13876705","DIGESTIVOS"
"13876710","DEPURATIVOS Y DRENANTES"
"13876715","QUEMAGRASAS"
"13876720","SUSTITUTIVOS COMIDA. BARRITAS"
"13876725","SUSTITUTIVOS COMIDA. BATIDOS"
"13876730","SUSTITUTIVOS COMIDA. OTROS"
"13876735","CONTROL DE PESO OTROS"
"13876907","ANTISTRESS"
"13876909","SUEÑO"
"13876995","OTROS"
"13877102","DESINFECTANTES ALCOHOL"
"13877104","DENSIFECTANTES AGUA OXIGENADA"
"13877106","DESINFECTANTES POVIDONA"
"13877108","DESINFECTANTES VARIOS"
"13877110","ALGODON BASTONCILLOS"
"13877112","ALGODON ZIGZAG"
"13877114","GASAS"
"13877116","ESPARADRAPO BASICO"
"13877118","ESPARADRAPO AVANZADO"
"13877120","APOSITOS INFANTIL / JUNIOR"
"13877122","APOSITOS BASICOS"
"13877124","APOSITOS AVANZADOS"
"13877128","APOSITO HERPES"
"13877132","VENDAS"
"13877134","TRANSTORNOS MENORES"
"13877136","BOLSAS FRIO CALOR"
"13877138","TRATAMIENTO CALLOS"
"13877140","ANTIACIDOS"
"13877142","SUERO FISIOLOGICO"
"13877144","CUIDADO OCULAR LENTILLAS"
"13877146","CUIDADO OCULAR GOTAS"
"13877148","CUIDADO OCULAR GAFA PRESBICIA"
"13877150","CUIDADO OCULAR PRODUCTO GAFAS"
"13877152","REPELENTES MOSQUITOS LOCION"
"13877160","REPELENTES MOSQUITOS POSTPICA"
"13877162","PIOJOS TRATAMIENTO"
"13877164","PIOJOS OTROS"
"13877166","TERMOMETROS"
"13877168","TAPONES"
"13877170","COMPLEMENTOS DE BOTIQUIN"
"13877310","PLANTILLAS PIES ANTIOLOR"
"13877505","PRODUCTOS DE CELULOSA"
"13877510","PRODUCTOS DE LIMPIEZA"
"13930135","PAÑALES CIERRE TALLA 1"
"13930138","PAÑALES CIERRE TALLA 2"
"13930141","PAÑALES CIERRE TALLA 3"
"13930144","PAÑALES CIERRE TALLA 4"
"13930147","PAÑALES CIERRE TALLA 5"
"13930150","PAÑALES CIERRE TALLA 6"
"13930153","PAÑALES ESPEC. ENEURESIS"
"13930156","PAÑALES ESPEC. PANTS"
"13930159","PAÑALES ESPEC. BAÑADOR"
"13930762","TOALLITAS BEBE MULTIUSO"
"13930765","TOALLITAS CARA Y MANOS"
"13930768","TOALLITAS WC"
"13931005","PROTEGECAMAS"
"13951505","LECHE POLVO INICIO"
"13951510","LECHE POLVO CONTINUACION"
"13951515","LECHE POLVO CRECIMIENTO"
"13952005","LECHE LIQUIDA INICIO"
"13952010","LECHE LIQUIDA CONTINUACION"
"13952015","LECHE LIQUIDA CRECIMIENTO"
"13952505","PAPILLAS POLVO"
"13952510","PAPILLAS POLVO MAXI"
"13952515","PAPILLAS LIQUIDAS"
"13953005","TARRITOS FRUTAS"
"13953010","TARRITOS FRUTAS Y CEREALES"
"13953505","TARRITOS MENU VERDURAS"
"13953510","TARRITOS MENU PESCADO"
"13953515","TARRITOS MENU TERNERA"
"13953520","TARRITOS MENU POLLO"
"13953525","TARRITOS MENU PAVO"
"13953530","TARRITOS MENU JAMON"
"13953535","TARRITOS MENU OTROS"
"13954005","BOLSITAS FRUTAS"
"13954015","BOLSITAS LACTEOS"
"13954505","POSTRES LACTEOS TARRINA"
"13955005","OTROS ALIM. INF. GALLETAS"
"13955010","OTROS ALIM. INF. SNACKS"
"13955015","OTROS ALIM. INF. ZUMOS"
"13955515","BIO PAPILLAS"
"13955520","BIO TARRITOS FRUTAS"
"13955525","BIO TARRITOS MENU"
"13955530","BIO BOLSITAS FRUTAS"
"13955540","BIO POSTRES LACTEOS"
"13955545","BIO OTROS ALIM. INFANTIL"
"14220904","M.P. PRIMEROS  PLATOS"
"14221201","PIZZAS ENTERAS"
"14250505","APERITIVOS"
"14250510","DIPS"
"14250515","BOCADILLOS"
"14250520","SANDWICHES"
"14250530","SALSAS VARIADAS"
"14251005","CREMAS Y SOPAS"
"14251010","ENSALADAS"
"14251015","ENSALADILLAS"
"14251020","GAZPACHOS"
"14251030","SUSHI"
"14251035","SUSHI STAND"
"14251505","POSTRES VARIOS"
"14252005","BEBIDAS VARIAS"
"14260101","CROQUETAS"
"14260102","FRITOS"
"14260201","ENSALADILLAS"
"14260301","PUDINGS"
"14260302","PASTELES FRIOS"
"14260401","PAELLAS"
"14260402","ARROCES"
"14260403","FIDEUAS"
"14260501","PASTA LISA"
"14260601","LASAÑAS"
"14260602","CANELONES"
"14260701","LEGUMBRES COCINADAS"
"14260801","VERDURAS COCINADAS"
"14260901","PESCADOS"
"14261001","CARNES"
"14261101","P.ASIATICOS"
"14261103","P. OTROS ORIGENES"
"14261201","P.V. FRESCO"
"14261202","P.V.  BASE VERDURA"
"14261203","P.V.  RECETA "
"14261301","ECO-BIO"
"14261401","P-DUPLOS MENU"
"14261501","MIGAS"
"14301505","PIZZAS JAMON Y QUESO"
"14301510","PIZZAS MIX DE QUESOS"
"14301515","PIZZAS CARBONARA"
"14301520","PIZZAS BARBACOA"
"14301525","PIZZAS JAMON"
"14301530","PIZZAS ATUN"
"14301535","PIZZAS POLLO"
"14301540","PIZZAS OTROS"
"14301545","PIZZAS MAXIS"
"14301550","PIZZAS MINIS"
"14302501","TORTILLAS"
"14302502","RECETAS CON PATATA."
"14303001","ASADOS"
"14303002","RELLENOS"
"14303003","OTROS"
"14350510","LEVADURA FRESCA"
"14350515","SALSAS PARA PASTA"
"14351005","MASAS DE PIZZA"
"14351010","OBLEAS Y EMPANADILLAS"
"14351015","PASTA FRESCA"
"14351510","MASAS DE HOJALDRE Y OTRAS"
